Name,Pos,Org,Top 100,Org Rk,Age,TJ Date,FB Type,FB,SL,CB,CH,CMD,RPM FB,RPM Break,Sits,Tops,FV,PlayerId
Nate Pearson,SP,TOR,9,1,24.7805555,,Rise,70 / 70,65 / 70,45 / 45,40 / 55,45 / 50,2350,2600,95-100,102,60,20160
Luis Patiño,SP,TBR,11,3,21.5972222,,Rise,65 / 65,55 / 60,,45 / 55,40 / 60,2500,2500,93-97,99,60,22815
Ian Anderson,SP,ATL,12,2,23.0805555,,Rise,55 / 60,,50 / 55,70 / 70,55 / 60,2150,1700,91-95,97,60,19951
Matt Manning,SP,DET,19,2,23.3416666,,Rise,60 / 60,,60 / 60,50 / 55,45 / 55,2100,2300,93-96,98,60,20369
Tarik Skubal,SP,DET,22,4,24.5305555,4/20/16,Rise,70 / 70,60 / 60,45 / 45,45 / 50,35 / 45,2400,2250,93-96,97,60,22267
Asa Lacy,SP,KCR,24,2,21.9972222,,Rise,60 / 70,60 / 70,55 / 60,45 / 50,30 / 45,2200,2400,93-96,98,55,sa3014423
Max Meyer,SP,MIA,25,1,22.2194444,,Sink/Tail,60 / 70,65 / 70,,45 / 55,30 / 45,,,94-98,101,55,27474
Josiah Gray,SP,LAD,27,1,23.4444444,,Rise/Tail,55 / 55,50 / 55,,50 / 55,50 / 60,2300,2400,92-95,96,55,24580
Grayson Rodriguez,SP,BAL,28,2,21.5416666,,Tail,60 / 60,50 / 55,55 / 55,55 / 60,40 / 50,2400,2650,90-95,97,55,24492
Casey Mize,SP,DET,30,5,24.0833333,,Tail,55 / 55,60 / 60,,,55 / 60,2250,2500,92-95,97,55,20492
Michael Kopech,SP,CHW,31,2,25.0861111,9/18/18,Rise,70 / 70,55 / 60,50 / 55,40 / 45,40 / 45,2550,2600,94-98,101,55,17282
DL Hall,MIRP,BAL,32,3,22.7,,Tail,60 / 60,,55 / 60,55 / 60,30 / 40,2400,2500,93-96,98,55,22207
MacKenzie Gore,SP,SDP,33,3,22.2694444,,Rise,60 / 60,50 / 55,50 / 50,50 / 60,40 / 55,2150,2000,91-95,97,55,22201
Logan Gilbert,SP,SEA,35,3,24.0722222,,Rise,55 / 55,50 / 50,50 / 50,45 / 55,50 / 60,2250,2550,91-94,96,55,22250
Sixto Sánchez,SP,MIA,39,2,22.8388888,,Tail,60 / 60,50 / 50,,60 / 70,50 / 55,2100,2400,95-99,101,55,19680
Hunter Greene,SP,CIN,52,2,21.8194444,4/9/19,Tail,60 / 65,50 / 55,,45 / 55,35 / 60,2300,2325,95-98,103,50,22182
Emerson Hancock,SP,SEA,53,5,22.0027777,,Tail,50 / 55,55 / 60,45 / 50,55 / 60,35 / 55,,,93-96,97,50,27470
Spencer Howard,SP,PHI,56,1,24.8416666,,Rise,55 / 55,50 / 55,55 / 55,60 / 60,40 / 45,2350,2400,93-97,98,50,23252
Quinn Priester,SP,PIT,57,2,20.7111111,,Rise,55 / 60,,70 / 80,40 / 50,30 / 45,2150,2500,94-97,99,50,25977
Triston McKenzie,SP,CLE,58,1,23.8305555,,Rise,50 / 50,45 / 50,55 / 55,45 / 50,50 / 60,2350,2200,90-95,97,50,18000
Deivi García,SP,NYY,60,2,22.0333333,,Rise,50 / 50,45 / 50,60 / 60,55 / 60,50 / 55,2200,2700,91-95,97,50,20276
Alek Manoah,SP,TOR,62,3,23.3944444,,Rise,60 / 60,60 / 70,,40 / 50,35 / 50,2350,2350,94-97,98,50,26410
Daniel Lynch IV,SP,KCR,63,3,24.5388888,,Tail,60 / 60,50 / 55,50 / 50,45 / 55,40 / 50,2350,2250,91-95,97,50,21537
Edward Cabrera,SP,MIA,65,4,23.1333333,,Tail,60 / 60,50 / 60,,45 / 55,45 / 50,2250,2300,93-97,99,50,21690
Simeon Woods Richardson,SP,TOR,76,5,20.6777777,,Cut/Rise,50 / 55,,50 / 50,55 / 60,40 / 55,2300,2350,90-94,97,50,24494
Garrett Crochet,SIRP,CHW,77,4,21.9444444,,Rise,80 / 80,65 / 70,,30 / 40,30 / 40,2500,2400,99-101,102,50,27463
George Kirby,SP,SEA,79,6,23.3138888,,Rise,60 / 60,40 / 45,50 / 50,45 / 50,55 / 70,2150,2300,95-99,100,50,25436
Nick Lodolo,SP,CIN,83,4,23.3222222,,Tail,45 / 50,,55 / 55,50 / 55,45 / 55,2250,2400,91-94,96,50,26378
Jordan Balazovic,SP,MIN,85,5,22.7055555,,Rise,55 / 55,50 / 55,55 / 55,40 / 45,45 / 55,2150,2200,91-94,96,50,21866
Jhoan Duran,SP,MIN,86,6,23.3972222,,Sink,60 / 60,,50 / 55,45 / 50,40 / 45,1800,2700,95-99,101,50,21029
Daniel Espino,SP,CLE,98,6,20.4055555,,Sink/Tail,65 / 65,55 / 60,50 / 55,45 / 55,30 / 50,2250,2600,94-97,99,50,sa3011495
Luis Medina,MIRP,NYY,99,5,22.0777777,,Tail,65 / 70,,60 / 70,45 / 55,30 / 40,2500,2350,94-98,101,50,21649
Mick Abel,SP,PHI,101,2,19.7861111,,Rise/Tail,50 / 60,,50 / 60,45 / 55,25 / 55,,,92-94,97,50,sa3014534
Shane Baz,SIRP,TBR,102,7,21.9555555,,Rise,60 / 70,,55 / 60,40 / 40,30 / 40,2600,2550,92-97,100,50,22264
Matt Allan,SP,NYM,103,3,20.1222222,,Rise,55 / 60,,55 / 70,45 / 60,30 / 45,2450,2600,93-96,97,50,sa3011740
Roansy Contreras,SP,PIT,104,4,21.5666666,,Rise,50 / 55,50 / 55,,50 / 55,45 / 50,2400,2500,92-95,96,50,22810
Gregory Santos,MIRP,SFG,105,5,21.7583333,,Cut,60 / 60,60 / 70,,45 / 50,30 / 45,2450,2650,93-98,100,50,21894
Cade Cavalli,SP,WSN,106,1,22.7972222,,,55 / 60,55 / 55,55 / 60,40 / 50,35 / 45,,,93-97,98,50,27473
A.J. Puk,SP,OAK,107,2,26.1,4/10/18,Rise,50 / 55,60 / 60,50 / 55,55 / 60,40 / 45,2250,2250,94-97,99,50,19343
Tahnaj Thomas,SP,PIT,108,5,21.9583333,,Rise,70 / 80,45 / 55,,30 / 40,35 / 60,2300,2400,93-98,100,50,sa3003066
Trevor Rogers,SP,MIA,110,6,23.55,,Tail,60 / 60,40 / 45,,55 / 60,60 / 60,2400,2150,91-96,97,50,22286
Slade Cecconi,SP,ARI,116,5,21.9361111,,Rise/Tail,55 / 60,55 / 60,50 / 55,40 / 45,35 / 50,,,92-96,97,50,27500
Matthew Liberatore,SP,STL,118,5,21.5694444,,Sink,45 / 50,45 / 55,60 / 60,50 / 55,35 / 55,2000,2800,92-95,97,50,22294
Corbin Martin,SP,ARI,123,6,25.425,7/4/19,Rise,45 / 50,55 / 55,55 / 55,50 / 55,50 / 55,2400,2650,93-95,98,50,19884
Miguel Yajure,SP,PIT,124,8,23.0833333,11/22/16,Cut/Rise,50 / 55,,50 / 50,50 / 55,50 / 60,2250,2600,91-95,97,50,21111
Shane McClanahan,MIRP,TBR,127,9,24.0916666,10/29/15,Tail,65 / 65,,55 / 60,40 / 45,35 / 40,2300,2700,93-97,100,50,21483
Hunter Brown,SP,HOU,128,2,22.7555555,,Cut/Rise,60 / 60,50 / 55,60 / 70,40 / 50,30 / 45,2300,2500,92-95,97,50,25880
Seth Johnson,SP,TBR,129,10,22.7,,Rise,55 / 60,50 / 60,45 / 50,40 / 45,30 / 50,2400,2650,92-97,99,50,sa3011342
Brendan McKay,SP,TBR,130,11,25.4527777,,Sink,55 / 55,,55 / 55,50 / 55,55 / 70,2250,2050,91-95,96,50,20186
Aaron Ashby,MIRP,MIL,133,1,23.0194444,,Tail,55 / 60,55 / 60,55 / 60,45 / 50,30 / 40,2050,2300,94-97,98,50,23550
Matt Canterino,MIRP,MIN,134,7,23.4638888,,Cut/Rise,50 / 55,55 / 60,50 / 55,55 / 60,40 / 45,2200,2450,90-93,95,50,sa3011530
Jackson Rutledge,SP,WSN,,2,22.1666666,,,70 / 70,60 / 70,45 / 50,45 / 50,30 / 40,2450,2350,95-98,101,45+,26215
Francisco Morales,SIRP,PHI,,3,21.5944444,,Tail,55 / 60,60 / 70,,35 / 45,30 / 45,2500,2400,93-96,98,45+,22913
Cole Winn,SP,TEX,,3,21.5166666,,,50 / 55,45 / 50,50 / 55,50 / 55,35 / 50,2350,2500,92-94,96,45+,22113
Jairo Solis,SP,HOU,,3,21.4416666,8/1/18,Cut/Rise,60 / 60,50 / 50,60 / 60,45 / 55,30 / 45,2300,2500,92-95,97,45+,sa3003037
Reid Detmers,SP,LAA,,3,21.8972222,,,50 / 55,40 / 45,65 / 70,45 / 55,45 / 60,,,89-92,94,45+,27468
Bryan Mata,MIRP,BOS,,4,22.0777777,,Sink,60 / 60,45 / 45,50 / 50,55 / 60,40 / 50,2500,2600,93-96,99,45+,sa917784
Alec Marsh,SP,KCR,,4,23.0472222,,,60 / 60,50 / 55,50 / 50,45 / 50,35 / 50,2400,2350,94-97,100,45+,27451
Daulton Jefferies,SP,OAK,,4,25.8305555,4/26/17,,45 / 45,50 / 50,,60 / 60,60 / 60,2300,2450,91-94,95,45,19345
Ethan Small,SP,MIL,,4,24.2972222,1/1/16,RIse,50 / 55,,40 / 45,55 / 60,45 / 55,2200,2400,91-94,96,45,26364
Andry Lara,SP,WSN,,4,18.4027777,,,45 / 55,50 / 55,,40 / 50,25 / 55,,,89-93,96,40+,sa3014716
Adbert Alzolay,SP,CHC,,5,26.25,,Sink/Tail,55 / 55,60 / 60,55 / 55,40 / 45,45 / 50,2400,2900,92-95,97,45+,17859
Chris McMahon,SP,COL,,5,22.325,,Tail,50 / 55,50 / 55,,45 / 55,35 / 50,,,92-95,97,45,sa3014429
Luis Garcia,SP,HOU,,5,24.4666666,,Rise,50 / 50,55 / 55,45 / 50,55 / 60,50 / 50,2400,2500,91-94,96,45,23735
Jared Kelley,SP,CHW,,5,19.6611111,,Sink,55 / 60,,40 / 45,60 / 70,25 / 50,2300,2100,92-96,99,45,sa3014471
Lyon Richardson,SP,CIN,,6,21.3694444,,Rise,45 / 50,45 / 50,50 / 50,45 / 55,45 / 55,2250,2500,89-93,95,45+,24581
Ryan Pepiot,MIRP,LAD,,6,23.7777777,,Rise,55 / 60,,50 / 55,60 / 70,35 / 45,2450,2800,90-93,94,45+,26221
Ryan Weathers,SIRP,SDP,,6,21.5694444,,Sink/Tail,50 / 55,50 / 55,,40 / 45,50 / 50,2150,2150,88-93,97,45+,23796
Brailyn Marquez,SIRP,CHC,,6,22.3361111,,Sink/Tail,70 / 80,45 / 45,,50 / 55,30 / 35,2250,2250,93-97,100,45+,21896
Zack Thompson,SP,STL,,6,23.5916666,,Sink,40 / 45,45 / 50,60 / 60,,45 / 50,2050,2900,91-94,97,45,25918
Dane Dunning,SP,TEX,,6,26.4472222,3/18/19,Sink/Tail,40 / 40,55 / 55,40 / 40,50 / 55,60 / 60,2100,2200,90-93,94,45,19409
Noah Song,SP,BOS,,6,24.0083333,,Rise/Tail,55 / 60,50 / 55,50 / 55,40 / 45,40 / 50,2350,2500,93-95,99,45,sa3011695
Reese Olson,SP,MIL,,6,21.8361111,,Rise,55 / 60,60 / 60,50 / 55,60 / 60,30 / 40,,,93-96,97,45,24968
Bryan Abreu,SIRP,HOU,,6,24.1083333,,Rise/Tail,60 / 60,70 / 70,80 / 80,,30 / 30,2250,3000,93-96,97,45,16609
Seth Romero,MIRP,WSN,,6,25.1166666,8/30/18,Sink,45 / 50,55 / 60,,55 / 60,40 / 40,2300,2300,91-93,96,40+,21333
Zack Burdi,SIRP,CHW,,6,26.2277777,7/27/17,Tail,65 / 65,55 / 55,,55 / 55,30 / 35,2600,2700,96-98,100,40+,19159
Blake Walston,SP,ARI,,7,19.925,,Rise,40 / 45,40 / 45,55 / 70,45 / 55,25 / 55,2150,,88-92,93,45+,26270
Clayton Beeter,SIRP,LAD,,7,22.6444444,10/1/17,Rise,70 / 70,70 / 70,60 / 60,30 / 40,30 / 40,2550,2800,94-97,98,45+,27494
Masyn Winn,SIRP/SS,STL,,7,19.1944444,,,60 / 70,,60 / 70,30 / 50,20 / 40,,,93-96,98,45,27479
Kyle Muller,MIRP,ATL,,7,23.65,,Rise,70 / 70,55 / 60,55 / 55,45 / 45,30 / 35,2600,2200,95-96,98,45,20167
Erik Miller,SP,PHI,,7,23.3,,Sink,45 / 50,50 / 55,50 / 55,55 / 60,30 / 50,2350,2750,90-95,96,45,26252
Tanner Houck,MIRP,BOS,,7,24.9222222,,Tail,55 / 55,55 / 60,,,45 / 50,2350,2700,91-94,96,45,19879
J.T. Ginn,SP,NYM,,7,22.0305555,,,50 / 55,55 / 60,,45 / 50,35 / 50,,,91-94,96,45,sa3014428
Jeff Criswell,SP,OAK,,7,22.225,,,55 / 60,55 / 60,45 / 50,40 / 45,30 / 40,,,92-95,97,40+,sa3014435
Justin Lange,SP,SDP,,7,19.7222222,,,55 / 60,40 / 50,,40 / 50,20 / 45,,,92-97,100,40+,sa3014517
Matt Cronin,SIRP,WSN,,7,23.6972222,,Rise,60 / 65,,55 / 60,40 / 45,40 / 45,2400,2550,93-95,96,40+,sa3011463
Bobby Miller,SP,LAD,,8,22.1555555,,Sink,60 / 65,55 / 60,,45 / 55,30 / 45,2200,2350,92-96,98,45+,27483
Kyle Harrison,SP,SFG,,8,19.8027777,,Tail,50 / 55,45 / 50,,45 / 60,25 / 55,,,90-92,94,45+,27758
Clarke Schmidt,SP,NYY,,8,25.2805555,5/3/17,Sink,60 / 60,,70 / 70,40 / 45,45 / 45,2350,3000,91-95,96,45+,19899
Drey Jameson,SP,ARI,,8,23.7888888,,Tail,55 / 60,50 / 50,55 / 60,45 / 50,30 / 45,2300,2550,93-96,98,45,26260
Johan Oviedo,MIRP,STL,,8,23.2472222,,Rise,55 / 60,55 / 60,50 / 50,45 / 50,35 / 45,2300,2500,93-95,99,45,22487
Yerry Rodríguez,SP,TEX,,8,23.6277777,,Tail,50 / 55,50 / 55,,50 / 55,45 / 50,2500,2700,92-96,98,45,21955
Connor Seabold,SP,BOS,,8,25.3527777,,Rise,45 / 50,50 / 50,45 / 45,55 / 60,55 / 60,,,90-93,94,45,19695
Jackson Kowar,SIRP,KCR,,8,24.6583333,,Tail,55 / 60,,45 / 45,70 / 70,40 / 45,2300,2400,93-96,98,45,21549
Reiss Knehr,MIRP,SDP,,8,24.5777777,,Tail,45 / 50,45 / 50,,50 / 55,40 / 45,,,91-94,95,40+,21541
Cole Henry,SIRP,WSN,,8,21.8777777,,Tail,55 / 60,,50 / 60,40 / 50,30 / 45,,,91-96,96,40+,sa3014446
Jack Kochanowicz,SP,LAA,,8,20.4416666,,Rise,45 / 50,,50 / 60,45 / 50,30 / 50,2250,2600,88-92,94,40+,sa3014539
Brennan Malone,SP,PIT,,9,20.7305555,,Sink,55 / 60,50 / 55,50 / 55,40 / 50,35 / 50,2300,2300,92-96,99,45+,sa3011741
Yoendrys Gómez,SP,NYY,,9,21.6277777,,Rise/Tail,55 / 60,,50 / 55,40 / 50,40 / 55,2500,2550,93-96,98,45+,22872
Bryce Jarvis,SP,ARI,,9,23.4305555,,Rise,50 / 55,50 / 55,45 / 50,50 / 55,35 / 60,,,92-94,97,45,27477
Bryse Wilson,SP,ATL,,9,23.4472222,,Rise,45 / 45,40 / 40,55 / 55,40 / 45,55 / 60,2250,2350,92-94,96,45,19990
Nick Neidert,SP,MIA,,9,24.5305555,,,40 / 40,45 / 45,45 / 45,60 / 60,60 / 70,2300,2250,90-93,95,45,18699
Hans Crouse,SIRP,TEX,,9,22.7111111,,,60 / 60,,60 / 60,45 / 50,40 / 40,2500,2700,94-97,98,45,22192
Abner Uribe,SIRP,MIL,,9,20.9472222,,Rise/Tail,80 / 80,55 / 60,,,30 / 40,,,98-101,103,45,25327
Adam Macko,SP,SEA,,9,20.4194444,,Rise,55 / 60,55 / 55,55 / 60,,30 / 45,2400,2800,94-96,98,45,sa3011555
James Kaprielian,SP,OAK,,9,27.2472222,4/18/17,Rise,45 / 45,60 / 60,50 / 50,55 / 55,45 / 50,2050,2600,92-94,95,40+,18331
Helcris Olivarez,SP,COL,,9,20.8138888,,Tail,55 / 60,,50 / 55,30 / 45,30 / 45,2350,2550,94-96,98,40+,sa3002965
Anderson Espinoza,MIRP,SDP,,9,23.2277777,4/22/19*,,55 / 55,,55 / 55,50 / 55,30 / 40,2200,2750,93-96,97,40+,18593
Peter Solomon,SP,HOU,,9,24.7916666,6/1/19,,50 / 50,50 / 50,50 / 50,55 / 60,40 / 45,2350,2550,90-94,95,40+,20476
Chris Rodriguez,SIRP,LAA,,9,22.8638888,,,60 / 60,60 / 60,55 / 55,40 / 45,35 / 40,2150,2450,93-96,97,40+,22310
Lenny Torres Jr.,SP,CLE,,10,20.6277777,5/15/19,Tail,60 / 60,50 / 60,,40 / 50,40 / 50,2250,2400,92-95,97,45,sa3008329
Jared Shuster,SP,ATL,,10,22.8277777,,Rise,55 / 60,45 / 50,,55 / 60,30 / 45,2300,2100,93-95,97,45,27472
Dean Kremer,SP,BAL,,10,25.4,,Rise,50 / 50,,55 / 55,40 / 40,55 / 60,2300,2500,91-94,96,45,19350
Joey Wentz,SP,DET,,10,23.6527777,3/17/20,Cut/Rise,45 / 45,,45 / 50,55 / 60,45 / 55,2350,2350,88-92,94,45,19962
Matt Brash,MIRP,SEA,,10,23.0527777,,Rise/Tail,55 / 60,55 / 60,50 / 55,40 / 45,30 / 45,,,94-98,100,45,25756
Seth Corry,MIRP,SFG,,10,22.5777777,,Sink,50 / 55,,55 / 60,50 / 50,35 / 40,2200,2600,90-94,95,45,sa3004648
Tyler Ivey,MIRP,HOU,,10,25.0527777,,Rise,55 / 55,45 / 50,60 / 60,45 / 50,40 / 40,2350,2700,90-92,95,40+,20237
CJ Van Eyk,SP,TOR,,10,22.7111111,,Rise,50 / 50,50 / 55,45 / 50,50 / 55,30 / 45,2250,,91-94,96,40+,sa3014713
Angel Zerpa,SP,KCR,,10,21.6777777,,Tail,40 / 40,,50 / 55,55 / 60,35 / 60,,,91-93,94,40+,22717
Thomas Szapucki,MIRP,NYM,,10,24.9694444,7/19/17,Tail,50 / 55,,60 / 60,40 / 45,40 / 45,2200,2400,88-94,96,40+,21065
Tim Cate,SIRP,WSN,,10,23.6694444,1/1/13,Rise,40 / 45,,60 / 60,40 / 45,45 / 45,2100,2400,87-91,93,40,sa3007926
Matthew Thompson,SP,CHW,,10,20.8055555,,Rise,45 / 55,,45 / 55,40 / 50,30 / 45,2300,2100,91-94,96,40,sa3011866
Ryne Nelson,MIRP,ARI,,11,23.3333333,,Cut/Rise,60 / 60,55 / 60,50 / 55,40 / 50,30 / 40,2150,2500,93-96,97,45,26253
Eury Pérez,SP,MIA,,11,18.1277777,,Tail,45 / 60,,45 / 50,45 / 60,25 / 55,,,91-94,95,45,27768
Mike Baumann,SP,BAL,,11,25.725,,Rise,60 / 60,50 / 50,50 / 50,40 / 45,40 / 45,2350,2400,92-95,97,45,20206
Juan Then,SP,SEA,,11,21.3166666,,Tail,55 / 60,55 / 60,,40 / 50,40 / 50,2400,2450,93-96,98,45,22828
Alexander Vizcaíno,SIRP,NYY,,11,24.025,,Tail,60 / 60,45 / 50,,60 / 70,30 / 35,2150,2500,93-97,98,45,sa920272
Christian Roa,SP,CIN,,11,22.1638888,,Rise,50 / 50,50 / 50,55 / 55,50 / 55,35 / 50,,,92-93,96,40+,sa3014477
Colin Peluse,MIRP,OAK,,11,22.9722222,,,55 / 60,55 / 60,,45 / 55,30 / 45,,,93-96,97,40+,sa3011126
Sam Weatherly,SP,COL,,11,22.0083333,,Tail,55 / 60,55 / 60,,30 / 45,30 / 45,2350,2650,92-95,97,40+,sa3014455
Alex Lange,SIRP,DET,,11,25.6638888,,Rise,60 / 60,60 / 60,50 / 50,55 / 55,35 / 40,2300,2150,95-97,98,40+,19883
Eduard Bazardo,SIRP,BOS,,11,25.75,,Rise,55 / 60,,70 / 70,,30 / 35,2250,2900,94-96,98,40+,20997
Forrest Whitley,MIRP,HOU,,11,23.7111111,3/17/21,Rise,60 / 60,55 / 55,60 / 60,60 / 60,30 / 40,2500,2900,93-97,99,40+,19586
Jonathan Bowlan,SP,KCR,,11,24.5,,Sink,50 / 55,50 / 55,,40 / 45,50 / 60,2250,2300,91-95,97,40+,24607
Andrew Dalquist,SP,CHW,,11,20.55,,Tail,40 / 45,40 / 50,45 / 55,40 / 50,35 / 55,2100,2300,91-93,95,40,sa3011841
Tommy Henry,SP,ARI,,12,23.8388888,,Rise,45 / 50,50 / 55,,50 / 55,35 / 50,2300,2150,88-92,93,45,26285
Ethan Hankins,SP,CLE,,12,21.0222222,,Tail,55 / 60,50 / 55,50 / 50,45 / 50,30 / 50,2350,2500,92-95,97,45,sa3008589
Cody Bolton,SP,PIT,,12,22.95,,Sink,50 / 50,55 / 55,,50 / 50,50 / 50,2450,2600,92-95,97,45,23265
Tristan Beck,SP,SFG,,12,24.9361111,,Rise,50 / 50,45 / 45,55 / 55,55 / 55,40 / 45,2250,2400,89-94,95,45,21584
Jared Solomon,SIRP,CIN,,12,23.975,11/22/20,Tail,70 / 70,60 / 60,,,40 / 45,2350,2500,96-98,99,40+,23425
Tink Hence,SP,STL,,12,18.8194444,,Rise,45 / 55,,50 / 60,40 / 50,25 / 55,,,90-94,96,40+,sa3014709
Daniel Palencia,SP,OAK,,12,21.3222222,,,60 / 60,,50 / 55,,30 / 45,,,96-98,99,40+,
Bailey Falter,SP,PHI,,12,24.1027777,,,,,,,,,,,,40+,20070
Ryan Rolison,SP,COL,,12,23.8888888,,Cut/Rise,40 / 45,,60 / 60,40 / 50,35 / 45,2250,2600,89-94,96,40+,sa3008244
Brayan Bello,SIRP,BOS,,12,22.0388888,,Tail,55 / 60,40 / 45,,55 / 60,30 / 40,2250,2400,92-95,98,40+,23920
Josh Winder,SP,MIN,,12,24.6388888,,Rise,50 / 55,50 / 50,45 / 50,45 / 50,40 / 45,2150,2400,91-93,96,40+,24606
Julian Merryweather,SIRP,TOR,,12,29.6305555,3/10/18,Rise,70 / 70,50 / 50,45 / 45,60 / 60,45 / 45,2200,2550,96-98,99,40+,16703
Ryan Jensen,MIRP,CHC,,12,23.5222222,,Sink/Tail,70 / 70,45 / 50,,45 / 50,40 / 50,2550,2450,93-96,99,40+,sa3011496
Brandon Williamson,MIRP,SEA,,12,23.1638888,,Rise,55 / 55,50 / 55,55 / 60,45 / 50,35 / 40,2250,2650,92-95,97,40+,25463
John McMillon,SIRP,KCR,,12,23.3444444,,Rise,60 / 70,50 / 55,,,30 / 35,,,94-96,97,40+,
Jonathan Stiever,SP,CHW,,12,24.0527777,,Sink,40 / 45,45 / 50,45 / 45,50 / 55,45 / 55,2350,2300,90-94,95,40,24584
Matt Tabor,SP,ARI,,13,22.8805555,,Rise/Tail,45 / 45,,50 / 55,55 / 60,35 / 50,2450,2450,90-93,94,45,sa3005334
Sam Hentges,SIRP,CLE,,13,24.8694444,7/5/17,Sink,65 / 65,,55 / 55,45 / 45,35 / 40,2200,2400,91-95,99,45,18548
Luis Gil,SIRP,NYY,,13,22.9944444,,Rise,70 / 70,50 / 50,,40 / 45,40 / 45,2550,2750,93-97,99,45,21052
William Holmes,SP,LAA,,13,20.4444444,,Tail,45 / 50,45 / 55,,45 / 55,30 / 50,2450,,88-94,95,40+,sa3007744
Ian Bedell,SP,STL,,13,21.7388888,,Rise/Tail,40 / 50,,55 / 60,40 / 50,35 / 60,,,88-93,94,40+,sa3014538
Tucker Davidson,MIRP,ATL,,13,25.1833333,,Rise,45 / 55,50 / 55,55 / 55,40 / 40,40 / 40,2200,2500,91-95,98,40+,19871
JoJo Romero,MIRP,PHI,,13,24.7,,Sink,55 / 55,50 / 55,,50 / 55,45 / 45,2250,2550,93-95,96,40+,19574
Lucas Gilbreath,SIRP,COL,,13,25.2388888,,Cut/Rise,60 / 60,50 / 55,,,40 / 40,2300,,93-96,97,40+,21290
Jay Groome,SP,BOS,,13,22.7722222,5/15/18,Rise,50 / 50,40 / 45,55 / 55,45 / 50,40 / 50,2250,2500,92-94,95,40+,sa917925
Shawn Dubin,SIRP,HOU,,13,25.7361111,,Rise,55 / 55,60 / 60,50 / 50,,40 / 40,2300,2750,92-95,97,40+,24977
Wyatt Mills,SIRP,SEA,,13,26.35,,Sink/Tail,50 / 50,55 / 55,,45 / 50,50 / 55,2050,2550,92-94,95,40+,20010
Adam Kloffenstein,SP,TOR,,13,20.7666666,,Sink,45 / 50,50 / 55,40 / 45,40 / 50,30 / 50,2000,2300,88-92,94,40,sa3008578
Junior Santos,SP,NYM,,13,19.7916666,,Tail,50 / 60,45 / 50,,40 / 50,20 / 45,2350,2150,89-93,95,40,sa3005470
Joan Adon,SIRP,WSN,,13,22.8027777,,,50 / 55,45 / 45,,50 / 55,40 / 40,2250,2150,92-96,98,40,22925
Andre Jackson,SP,LAD,,14,25.0833333,11/1/16,Rise,50 / 50,,50 / 50,45 / 50,45 / 50,2400,2400,90-93,95,45,21298
Tony Santillan,SIRP,CIN,,14,24.1277777,,Tail,50 / 50,55 / 55,,45 / 50,40 / 45,2200,2600,91-94,96,40+,19926
Levi Kelly,MIRP,ARI,,14,22.0472222,,Rise,45 / 50,60 / 70,50 / 50,,30 / 40,2250,2500,90-94,96,40+,sa3008500
Freddy Tarnok,SP,ATL,,14,22.5194444,,Rise,45 / 55,,50 / 55,45 / 55,35 / 50,2450,2275,89-92,96,40+,23324
Carmen Mlodzinski,SP,PIT,,14,22.2833333,,Sink,55 / 60,50 / 50,,40 / 45,35 / 50,,,93-97,98,40+,27572
Owen White,SP,TEX,,14,21.8111111,,,45 / 50,,55 / 60,45 / 55,30 / 50,2300,2500,92-95,96,40+,22273
Thaddeus Ward,MIRP,BOS,,14,24.375,,Tail,45 / 50,50 / 55,45 / 45,40 / 45,40 / 45,2250,2700,90-94,96,40+,21513
Camilo Doval,SIRP,SFG,,14,23.9083333,,Cut,,55 / 55,,,20 / 30,2750,2700,93-98,99,40+,21992
Edwin Núñez,SP,STL,,14,19.5722222,,,55 / 70,,45 / 55,,20 / 50,,,92-96,99,40,
Brian Howard,SP,OAK,,14,26.1,,,50 / 50,,45 / 50,45 / 50,50 / 55,2150,2500,89-91,93,40,sa918377
Ryley Gilliam,SIRP,NYM,,14,24.8055555,,Rise,55 / 55,20 / 55,55 / 55,,30 / 35,2600,2800,94-95,96,40,sa3008225
Norge Vera,RHP,CHW,,14,21,,,45 / 50,,50 / 55,40 / 50,40 / 50,,,90-94,97,40,
Carlos Vargas,SIRP,CLE,,15,21.6333333,,Sink,55 / 65,55 / 60,,35 / 45,30 / 40,2250,2400,94-97,99,45,22915
Luis Frías,SIRP,ARI,,15,23.0222222,,Sink,55 / 55,45 / 50,45 / 50,,30 / 40,2350,2350,93-97,99,40+,21997
Justin Slaten,MIRP,TEX,,15,23.7111111,,,55 / 55,60 / 70,,45 / 50,35 / 45,2300,2400,92-96,97,40+,25648
Aldo Ramirez,SP,BOS,,15,20.0694444,,Rise,45 / 50,45 / 50,,45 / 55,35 / 60,2150,2200,90-95,96,40+,sa3005371
Cole Sands,SP,MIN,,15,23.8722222,,Tail,50 / 55,,55 / 55,45 / 50,40 / 45,2450,3000,91-94,96,40+,21461
Austin Cox,MIRP,KCR,,15,24.175,,Rise,45 / 50,50 / 50,50 / 50,50 / 55,30 / 40,2200,2450,89-93,95,40+,24604
T.J. Sikkema,SP,NYY,,15,22.85,,Tail,45 / 50,50 / 55,,40 / 50,45 / 60,2250,2300,90-94,95,40+,sa3011191
Davis Daniel,SIRP,LAA,,15,23.9722222,4/25/19,Rise,45 / 55,,55 / 60,,30 / 40,,,90-93,94,40,27582
Junior Fernández,SIRP,STL,,15,24.2472222,,Sink,55 / 55,45 / 45,,60 / 60,30 / 35,2200,2150,95-97,99,40,18496
Ethan Elliott,MIRP,SDP,,15,24.0916666,,,45 / 45,45 / 50,,55 / 60,45 / 60,,,88-92,93,40,sa3010380
Alex Santos II,SP,HOU,,15,19.3083333,,Rise,45 / 55,30 / 50,50 / 55,,25 / 50,,,89-93,95,40,sa3014684
Connor Phillips,SP,SEA,,15,20.075,,Rise/Tail,50 / 60,45 / 50,50 / 55,,30 / 40,,,90-94,98,40,27649
Franklyn Kilome,SIRP,NYM,,15,25.9333333,10/24/18,Sink,55 / 55,40 / 40,60 / 60,50 / 50,40 / 40,2450,2200,92-96,97,40,17861
Mason Denaburg,SP,WSN,,15,21.8138888,,,55 / 60,,60 / 60,50 / 55,30 / 50,2300,2400,92-95,98,35+,sa3010648
JJ Goss,SP,TBR,,16,20.4333333,,Tail,50 / 55,50 / 55,,,35 / 55,2600,2400,91-94,96,45+,sa3011420
Michael Grove,MIRP,LAD,,16,24.4527777,5/1/17,Rise,55 / 60,45 / 50,55 / 55,40 / 40,45 / 50,2300,2500,90-93,95,40+,23221
Ronny Henriquez,SP,TEX,,16,20.9472222,,,55 / 55,40 / 45,,50 / 60,35 / 55,2400,2350,93-96,97,40+,24094
Antoine Kelly,SIRP,MIL,,16,21.4888888,,Tail,60 / 65,40 / 50,,30 / 45,30 / 50,2250,2250,93-96,98,40+,sa3011135
Burl Carraway,SIRP,CHC,,16,22.0111111,,Rise,65 / 70,,70 / 70,,30 / 35,,2850,94-97,98,40+,sa3014495
Jake Brentz,SIRP,KCR,,16,26.7138888,,Tail,60 / 60,50 / 55,,40 / 40,50 / 50,2350,2150,95-97,100,40+,17783
Alejandro Hidalgo,SP,LAA,,16,18.025,,Rise,40 / 50,,50 / 60,40 / 50,20 / 45,,,92-94,97,40,
José De León,MIRP,CIN,,16,28.8166666,3/13/18,Sink,55 / 55,45 / 45,,60 / 60,40 / 40,2100,2500,93-96,98,40,15463
Brady Feigl,SP,OAK,,16,25.5111111,,Sink,45 / 45,,50 / 50,45 / 50,50 / 50,,,90-93,95,40,sa3007455
Eric Pardinho,SP,TOR,,16,20.4055555,2/11/20,Sink,40 / 50,45 / 50,50 / 55,45 / 50,35 / 55,2100,2100,90-93,94,40,sa968102
Robert Dominguez,SP,NYM,,16,19.5027777,,,55 / 60,,50 / 60,40 / 45,20 / 50,,,93-96,99,40,sa3014694
Joey Cantillo,SP,CLE,,17,21.4527777,,Rise,45 / 50,,40 / 45,55 / 60,40 / 55,2000,2400,87-90,92,45,sa3005246
Drew Strotman,SP,TBR,,17,24.7444444,6/1/18,,50 / 55,,50 / 55,30 / 40,45 / 50,2200,2550,92-95,97,45,sa3004584
Gerardo Carrillo,SIRP,LAD,,17,22.7166666,,Sink/Tail,60 / 65,50 / 55,50 / 50,45 / 55,30 / 40,2300,2650,93-96,99,40+,sa3002790
Dax Fulton,SP,MIA,,17,19.625,,,50 / 60,,55 / 60,40 / 50,20 / 50,,,91-95,96,40+,sa3014535
Jared Jones,SIRP,PIT,,17,19.8194444,,Rise,60 / 60,50 / 60,55 / 55,40 / 50,20 / 35,,,93-97,99,40+,27863
Garrett Whitlock,MIRP,BOS,,17,24.9722222,7/25/19,Tail,55 / 55,50 / 50,,60 / 60,50 / 55,2250,2050,92-95,96,40+,20191
Kohl Franklin,SP,CHC,,17,21.7277777,,,45 / 50,,50 / 55,55 / 60,35 / 50,2200,2700,90-93,95,40+,sa3008335
Nick Swiney,SP,SFG,,17,22.3027777,,Rise,40 / 45,,50 / 55,50 / 55,35 / 55,2050,2700,88-92,93,40+,sa3014542
Hector Yan,MIRP,LAA,,17,22.0972222,,Tail,50 / 65,45 / 45,,40 / 45,30 / 40,2150,2450,90-94,96,40,sa917194
Vladimir Gutierrez,MIRP,CIN,,17,25.7027777,,Tail,55 / 55,60 / 60,60 / 60,50 / 55,45 / 50,2100,2600,90-93,97,40,19278
Seth Elledge,SIRP,STL,,17,25.0305555,,Sink,55 / 55,60 / 60,,,30 / 40,2150,2450,92-94,96,40,19766
Stevie Emanuels,SP,OAK,,17,22.3361111,,Tail,40 / 50,50 / 55,,40 / 50,30 / 55,,,87-92,94,40,sa3014698
Jasseel De La Cruz,SIRP,ATL,,17,23.9305555,,Rise,55 / 60,55 / 60,,40 / 45,40 / 40,2300,2750,91-97,99,40,sa879559
Connor Brogdon,SIRP,PHI,,17,26.3388888,,Rise,55 / 55,,,60 / 60,50 / 50,2450,2350,93-95,97,40,21205
Alex Faedo,SP,DET,,17,25.5527777,12/28/20,Tail,45 / 50,60 / 60,,40 / 45,55 / 60,2350,2700,90-93,95,40,19874
Carlos Guarate,SP,SDP,,17,20.1694444,,,45 / 45,,50 / 55,40 / 50,35 / 50,2300,2400,88-91,93,40,sa3006127
Nivaldo Rodriguez,SP,HOU,,17,24.125,,Rise,45 / 45,50 / 50,55 / 55,45 / 50,50 / 50,2250,2850,89-92,94,40,22449
Joey Murray,MIRP,TOR,,17,24.6888888,,Rise,50 / 55,50 / 55,50 / 55,40 / 45,40 / 45,2450,2700,88-91,93,40,sa3007234
Taylor Dollard,SP,SEA,,17,22.2888888,,Tail,40 / 45,55 / 60,45 / 50,45 / 50,35 / 60,,,90-93,94,40,sa3014982
Carlos Hernández,SIRP,KCR,,17,24.2222222,,Sink,60 / 60,,45 / 45,45 / 45,45 / 45,2400,2150,95-98,100,40,22713
José Buttó,SP,NYM,,17,23.2,,Tail,40 / 40,45 / 50,,55 / 60,50 / 55,2350,,89-94,96,40,23313
Joe Ryan,MIRP,TBR,,18,24.9888888,,Rise,60 / 60,,50 / 50,45 / 50,50 / 60,2200,2550,90-94,96,45,21390
Jhosmer Alvarez,SIRP,ARI,,18,19.9222222,,Rise,50 / 55,,40 / 45,,35 / 40,2100,2200,92-96,98,40+,sa3005437
Emmanuel Clase,SIRP,CLE,,18,23.2027777,,Cut,80 / 80,50 / 55,,,40 / 40,2500,2500,98-100,102,40+,21032
Max Lazar,SP,MIL,,18,21.9944444,1/1/21,Rise,40 / 50,,40 / 45,55 / 60,45 / 55,2100,,86-89,91,40+,sa3005163
Riley Thompson,MIRP,CHC,,18,24.8944444,6/1/15,,50 / 55,,55 / 60,45 / 45,40 / 45,2350,3000,92-94,96,40+,sa876287
Ryan Hendrix,SIRP,CIN,,18,26.4583333,,Sink,55 / 55,60 / 60,,,35 / 40,2250,2550,93-96,98,40,19535
Kodi Whitley,SIRP,STL,,18,26.2777777,,Rise,40 / 45,55 / 55,,50 / 60,40 / 40,2350,1950,92-95,96,40,19731
Victor Vodnik,SIRP,ATL,,18,21.6444444,,Rise,60 / 65,45 / 45,,50 / 55,30 / 40,2350,2200,92-96,98,40,24614
James McArthur,SP,PHI,,18,24.4722222,,Rise,55 / 60,50 / 55,50 / 55,35 / 40,30 / 45,2400,2800,93-95,96,40,21527
Zac Lowther,SP,BAL,,18,25.0861111,,Tail,40 / 40,,45 / 45,55 / 60,45 / 50,2200,2550,88-91,94,40,20243
Ryan Feltner,SP,COL,,18,24.7472222,,Tail/Rise,50 / 50,50 / 50,45 / 50,50 / 55,40 / 50,2300,2650,91-93,95,40,21446
Efrain Contreras,SP,SDP,,18,21.4138888,,,50 / 50,45 / 50,,55 / 60,35 / 55,,,92-94,97,40,sa3005692
Blayne Enlow,MIRP,MIN,,18,22.1944444,,Sink,50 / 50,50 / 50,,45 / 50,40 / 45,2300,2550,91-94,96,40,sa3005117
Isaiah Campbell,SP,SEA,,18,23.7944444,,,50 / 50,50 / 55,50 / 50,,40 / 50,2200,2300,90-93,96,40,25551
Joshua Cornielly,SP,NYM,,18,20.3777777,,Rise,40 / 45,,40 / 50,45 / 55,40 / 55,2150,,88-93,95,40,sa3005890
Holden Powell,SIRP,WSN,,18,21.7277777,,,60 / 60,50 / 55,,,30 / 40,,,94-97,99,35+,
Justin Martinez,SP,ARI,,19,19.8361111,,Tail,55 / 60,45 / 50,,40 / 50,30 / 50,2350,2300,92-96,98,40+,24453
A.J. Alexy,SIRP,TEX,,19,23.1111111,,Rise,60 / 60,,55 / 60,40 / 45,30 / 35,2250,2400,93-97,99,40+,22343
Ben Leeper,SIRP,CHC,,19,23.9611111,,Rise,65 / 70,55 / 60,,,30 / 35,,,95-98,99,40+,sa3014907
Sam Delaplane,SIRP,SFG,,19,26.1777777,4/13/20,Rise,60 / 60,70 / 70,,,40 / 45,2150,2800,92-95,97,40+,sa3004222
Packy Naughton,MIRP,LAA,,19,25.125,,Tail,45 / 45,45 / 50,40 / 40,50 / 50,55 / 55,2000,2100,87-92,94,40,23292
Bryce Bonnin,SIRP,CIN,,19,22.6388888,,Sink,55 / 55,55 / 60,,30 / 45,30 / 40,2150,2400,93-96,97,40,sa3014453
Gunner Mayer,SP,PHI,,19,20.8444444,,Rise,45 / 55,50 / 60,,30 / 45,30 / 50,2400,2350,90-94,95,40,sa3011199
Sam McWilliams,SIRP,SDP,,19,25.7416666,,Tail,60 / 60,50 / 55,,,30 / 40,2500,2500,94-97,98,40,sa829124
Chris Vallimont,SP,MIN,,19,24.2027777,,Rise,45 / 45,45 / 50,45 / 50,40 / 50,40 / 50,2350,2600,89-93,95,40,24935
Kade McClure,MIRP,CHW,,19,25.3027777,,Rise,50 / 55,50 / 55,45 / 50,,45 / 50,2300,2350,92-94,95,40,sa915622
Zachary Brzykcy,SIRP,WSN,,19,21.8861111,,Rise/Tail,60 / 60,,55 / 60,,30 / 35,,,94-98,99,35+,
Robinson Ortiz,MIRP,LAD,,20,21.4083333,,Tail,50 / 55,,45 / 55,50 / 55,30 / 40,2200,2550,89-94,98,40+,sa3004006
Tanner Burns,SP,CLE,,20,22.425,,Rise,45 / 50,50 / 55,45 / 45,45 / 50,40 / 50,2350,2600,90-94,95,40+,sa3014451
Kyle Nicolas,SIRP,MIA,,20,22.275,,,55 / 60,55 / 60,45 / 45,30 / 30,30 / 40,,,92-94,97,40+,27775
Blake Rivera,SIRP,SFG,,20,23.3944444,,Cut,55 / 55,,70 / 70,40 / 40,40 / 40,2600,2800,92-96,97,40+,sa3008261
Riley O'Brien,SIRP,CIN,,20,26.3194444,,Tail,55 / 55,,55 / 60,45 / 50,40 / 50,2300,2600,92-95,97,40,20348
Grant Holmes,SIRP,OAK,,20,25.1916666,,Tail,50 / 50,55 / 55,,40 / 40,30 / 35,2250,2800,92-94,97,40,sa828669
Tommy Doyle,SIRP,COL,,20,25.0833333,,Rise,50 / 55,60 / 60,,40 / 45,45 / 50,2250,2550,92-95,97,40,21281
Dylan File,SP,MIL,,20,24.9916666,,Rise,40 / 40,50 / 55,50 / 50,55 / 55,55 / 60,2250,2700,88-92,92,40,sa3004197
Steven Wilson,SIRP,SDP,,20,26.7694444,2/1/16,Rise,60 / 60,55 / 55,,30 / 30,40 / 45,2450,2750,91-95,97,40,20353
Misael Tamarez,SP,HOU,,20,21.375,,Cut/Rise,45 / 55,,,50 / 55,35 / 50,,,92-94,94,40,sa3009632
Josh Dye,MIRP,KCR,,20,24.7138888,,Sink/Tail,35 / 40,,50 / 50,55 / 55,50 / 60,2000,,88-91,92,40,sa3007485
Jordany Ventura,SP,NYM,,20,20.9027777,,Cut/Rise,45 / 55,50 / 55,,40 / 50,40 / 50,2450,,91-94,95,40,sa3008542
Cole Wilcox,SP,TBR,,21,21.8805555,,Sink/Tail,55 / 60,55 / 60,,45 / 55,35 / 45,2100,2100,93-97,100,45,sa3014443
Logan Allen,SP,CLE,,21,22.7388888,,Tail,45 / 50,,45 / 50,50 / 60,35 / 55,,2400,89-92,94,40+,27589
Sean Hjelle,SP,SFG,,21,24.0666666,,None,50 / 50,,45 / 50,45 / 50,45 / 55,2500,2200,91-94,96,40+,21481
J.B. Bukauskas,SIRP,ARI,,21,24.6388888,,Tail,50 / 50,45 / 45,,70 / 70,40 / 40,2500,2450,92-94,96,40,20491
Victor González,SIRP,LAD,,21,25.5416666,1/1/17,Sink/Tail,60 / 60,60 / 60,,45 / 45,40 / 40,2150,2550,93-95,97,40,16408
Tyler Baum,MIRP,OAK,,21,23.3805555,,,50 / 55,,50 / 55,45 / 50,30 / 40,2250,,93-95,97,40,sa1054042
William Woods,SIRP,ATL,,21,22.4222222,,Rise/Tail,55 / 60,45 / 55,,30 / 40,30 / 40,2400,,96-99,100,40,25075
Eduar Segovia,SP,PHI,,21,20.3916666,,Tail,45 / 50,50 / 55,,30 / 45,30 / 50,2250,2300,92-95,97,40,sa3008374
Reggie Lawson,SIRP,SDP,,21,23.8305555,3/20/20,,50 / 55,,55 / 55,45 / 50,35 / 45,2200,2300,92-95,97,40,sa917951
Edwar Colina,SIRP,MIN,,21,24.0777777,,Sink,60 / 60,50 / 55,,40 / 40,40 / 45,2400,2800,94-98,100,40,20589
Hagen Danner,SIRP,TOR,,21,22.6694444,,,60 / 60,50 / 55,,,35 / 40,,,94-97,,40,22116
Michael McAvene,SIRP,CHC,,21,23.7694444,4/1/17,,65 / 70,50 / 55,,,35 / 40,2300,2450,94-98,100,40,sa3011727
Sam Carlson,SP,SEA,,21,22.4944444,,Rise,55 / 60,,45 / 50,50 / 60,40 / 55,2200,2350,89-93,94,40,sa3005015
Christian Chamberlain,SIRP,KCR,,21,21.8638888,,Rise,45 / 60,,60 / 60,40 / 45,30 / 40,,,93-96,97,40,sa3014486
Yennsy Díaz,SIRP,NYM,,21,24.5444444,,Tail,55 / 60,,45 / 45,55 / 55,35 / 35,2400,2150,93-96,98,35+,20218
Reid Schaller,SIRP,WSN,,21,24.1638888,1/1/16,,45 / 55,50 / 55,,40 / 45,45 / 50,2450,2400,91-94,96,35+,sa3008023
Nick Bitsko,SP,TBR,,22,18.9583333,,Rise,50 / 60,,50 / 60,35 / 50,25 / 50,,,92-95,97,45,sa3014476
José Soriano,SIRP,PIT,,22,22.6138888,2/6/20,Rise,55 / 60,,50 / 55,30 / 40,30 / 40,2250,2300,93-97,99,40+,22100
Ricky Vanasco,MIRP,TEX,,22,22.6333333,44095,Rise,55 / 60,,60 / 70,,35 / 40,2250,,92-96,98,40+,23391
Kervin Castro,SIRP,SFG,,22,22.3166666,5/1/17,Rise,60 / 60,,50 / 55,,30 / 40,2250,,93-96,98,40+,21656
Aaron Hernandez,SIRP,LAA,,22,24.4972222,,,45 / 50,50 / 50,50 / 55,40 / 50,30 / 40,2200,2800,91-95,97,40,sa3008599
Graham Ashcraft,SIRP,CIN,,22,23.3055555,,Rise,55 / 60,50 / 55,55 / 60,40 / 50,40 / 50,2600,2750,94-96,97,40,27552
Conor Grammes,SIRP,ARI,,22,23.8666666,,Tail,65 / 70,60 / 70,,40 / 45,20 / 30,2200,2550,94-97,99,40,sa3011651
Nick Robertson,SIRP,LAD,,22,22.875,3/1/17,Rise,60 / 60,,60 / 60,,30 / 40,,,93-96,98,40,26226
Jack Weisenburger,SIRP,OAK,,22,23.6472222,,,55 / 60,55 / 60,,45 / 45,40 / 40,,,93-96,97,40,sa3011607
Spencer Strider,SP,ATL,,22,22.5916666,,Tail,50 / 55,,50 / 55,30 / 50,35 / 50,2300,2250,91-95,97,40,
Adonis Medina,SP,PHI,,22,24.4527777,,Sink/Tail,40 / 40,45 / 45,,55 / 60,50 / 55,2200,2500,90-94,96,40,19903
Tony Locey,SIRP,COL,,22,22.8388888,,,50 / 60,45 / 55,,30 / 40,30 / 50,,2300,92-95,97,40,sa3011123
Victor Castaneda,MIRP,MIL,,22,22.7611111,,Sink,45 / 45,,45 / 45,55 / 55,40 / 45,2150,,91-94,95,40,sa978399
Mason Thompson,SIRP,SDP,,22,23.2805555,3/18/15,,50 / 60,50 / 50,40 / 55,50 / 60,30 / 35,2350,2350,91-95,97,40,21850
Austin Hansen,SIRP,HOU,,22,24.7666666,,,55 / 55,55 / 55,,50 / 55,35 / 40,,,93-95,96,40,sa3006956
Bailey Ober,MIRP,MIN,,22,25.8861111,3/1/15,Rise/Cut,45 / 45,40 / 40,45 / 50,60 / 60,60 / 60,2200,2000,85-87,88,40,21224
Jackson Rees,SIRP,TOR,,22,26.8361111,,Sink,50 / 50,,70 / 70,,35 / 35,2350,2750,91-94,95,40,sa3007818
Hunter Bigge,SIRP,CHC,,22,22.9694444,,Rise,55 / 60,,50 / 55,,40 / 50,2350,2450,92-96,99,40,sa3011341
Levi Stoudt,SIRP,SEA,,22,23.4916666,,,50 / 50,40 / 45,,55 / 60,30 / 40,2200,2250,93-96,97,40,25650
Beck Way,SP,NYY,,22,21.8194444,,Tail,50 / 55,45 / 50,,45 / 50,30 / 45,,,91-94,96,40,sa3014462
Marcel Rentería,SIRP,NYM,,22,26.6777777,,Tail,50 / 55,,70 / 70,,30 / 35,,,93-95,96,35+,sa3005016
Todd Peterson,SP,WSN,,22,23.3583333,,,55 / 60,50 / 55,,,35 / 45,,,93-95,96,35+,
Ian Seymour,MIRP,TBR,,23,22.4666666,,Tail,45 / 45,50 / 55,,50 / 55,40 / 55,2200,2200,93-95,96,40+,sa3014512
Luis Oviedo,MIRP,PIT,,23,22.0444444,,Tail,55 / 60,,55 / 55,45 / 55,30 / 40,2250,2350,94-96,98,40+,21728
Dane Acker,SP,TEX,,23,22.1666666,,,55 / 60,45 / 50,45 / 50,40 / 45,30 / 45,,,92-97,99,40+,sa3014924
Manuel Mercedes,SP,SFG,,23,18.6944444,,Tail,50 / 60,40 / 50,,35 / 60,20 / 45,,,94-97,98,40+,
Sadrac Franco,SIRP,LAA,,23,20.9916666,,,50 / 55,,50 / 55,40 / 45,30 / 40,2300,,92-96,97,40,sa3005073
Jake Woodford,MIRP,STL,,23,24.5916666,,Sink,45 / 45,45 / 45,50 / 50,40 / 40,45 / 45,2250,2550,90-94,96,40,18674
Patrick Weigel,SIRP,ATL,,23,26.8972222,6/27/17,Tail,55 / 55,60 / 60,55 / 55,45 / 50,35 / 40,2350,3000,91-95,98,40,17792
Damon Jones,SIRP,PHI,,23,26.6694444,,Rise,55 / 55,60 / 60,,,30 / 35,2350,2700,91-94,96,40,23310
Carter Baumler,SP,BAL,,23,19.3361111,10/28/20,Rise,45 / 50,50 / 55,45 / 55,,20 / 45,,,90-92,94,40,sa3014480
Karl Kauffmann,SP,COL,,23,23.7944444,,,45 / 50,45 / 50,,50 / 55,30 / 45,,,91-94,96,40,27488
Javy Guerra,SIRP,SDP,,23,25.6833333,,,65 / 65,45 / 55,,,35 / 45,2450,2600,96-98,100,40,17292
Jojanse Torres,SIRP,HOU,,23,25.825,,Rise/Tail,60 / 60,55 / 55,,50 / 50,35 / 35,2400,2350,94-97,99,40,sa3006955
Marco Raya,SP,MIN,,23,18.8166666,,Rise/Cut,40 / 50,45 / 50,,40 / 55,35 / 55,,,88-92,95,40,sa3014550
Max Bain,MIRP,CHC,,23,25.6777777,,Rise,55 / 55,45 / 50,55 / 60,,30 / 40,,,93-96,98,40,sa3014932
Ljay Newsome,SP,SEA,,23,24.5638888,,,50 / 50,,45 / 45,55 / 60,55 / 60,2200,2100,89-92,94,40,19942
Tyler Johnson,SIRP,CHW,,23,25.7777777,,Cut,60 / 60,,55 / 55,40 / 45,30 / 40,2350,2350,93-95,97,40,sa915688
Tylor Megill,SIRP,NYM,,23,25.8416666,,None,50 / 50,55 / 55,,,40 / 45,2100,,90-93,95,35+,21318
Nick Mikolajchak,SIRP,CLE,,24,23.5277777,,Rise,55 / 60,,55 / 60,50 / 55,40 / 50,2350,2900,90-93,95,40+,sa3010303
Kendall Williams,SP,LAD,,24,20.7694444,,Rise,50 / 55,,45 / 55,45 / 50,30 / 40,2150,2500,90-94,96,40,sa3011674
Parker Dunshee,SP,OAK,,24,26.3027777,,Tail,40 / 40,45 / 45,50 / 50,55 / 55,55 / 60,2150,2450,89-92,94,40,sa873274
Ricky DeVito,SP,ATL,,24,22.7777777,,0.0625,50 / 50,,45 / 50,,30 / 40,2200,,92-95,97,40,sa1116003
Starlyn Castillo,SP,PHI,,24,19.2694444,,Tail,55 / 60,55 / 60,,40 / 50,30 / 45,2250,2500,93-95,97,40,sa3011608
Cody Poteet,SP,MIA,,24,26.8361111,,Sink/Tail,45 / 45,50 / 50,45 / 45,55 / 55,50 / 50,,,92-95,96,40,18769
Ben Hernandez,SIRP,KCR,,24,19.9166666,,Tail,50 / 55,35 / 40,,60 / 70,25 / 45,,,92-95,96,40,sa3014541
Matt Sauer,SP,NYY,,24,22.3611111,4/1/19,Tail,50 / 60,,50 / 55,40 / 50,35 / 45,2150,2600,92-95,96,40,22284
Jose Salvador,SIRP,LAA,,24,21.6944444,,Rise,45 / 55,,50 / 50,30 / 35,35 / 40,2400,2500,89-91,93,35+,sa3006482
Joander Suarez,SP,NYM,,24,21.2611111,,Rise,45 / 50,50 / 55,,40 / 50,40 / 50,2350,,91-94,95,35+,sa3008263
Josh Wolf,SIRP,CLE,,25,20.75,,Tail,50 / 60,35 / 55,50 / 60,40 / 45,30 / 45,2300,2350,92-95,97,40+,sa3011638
Taj Bradley,SP,TBR,,25,20.1972222,,Cut/Rise,55 / 60,50 / 55,,30 / 45,30 / 45,2400,2500,93-97,97,40+,22543
Eddy Yean,SP,PIT,,25,19.9333333,,Tail,50 / 60,50 / 55,,45 / 55,25 / 50,2300,2350,91-94,96,40+,sa3006543
Josh Sborz,SIRP,TEX,,25,27.4555555,,Sink,60 / 60,60 / 60,50 / 50,,50 / 50,2300,2200,92-95,97,40+,18323
Landon Knack,SIRP,LAD,,25,24.3777777,,Sink,60 / 60,50 / 55,,,30 / 40,,,94-97,98,40,27487
Bryce Elder,SP,ATL,,25,22.0333333,,0.0625,50 / 50,50 / 50,45 / 45,45 / 50,35 / 55,2100,,90-92,94,40,27779
Ethan Lindow,SP,PHI,,25,22.6277777,,Tail,50 / 50,45 / 45,50 / 50,40 / 45,45 / 55,2200,2350,87-90,92,40,sa3005028
Evan Fitterer,SP,MIA,,25,20.9305555,,,45 / 50,45 / 50,50 / 55,40 / 50,35 / 55,2350,2550,90-92,94,40,sa3011433
Isaac Mattson,SIRP,BAL,,25,25.8805555,,Rise,55 / 55,55 / 55,,40 / 45,45 / 45,2300,2000,92-94,96,40,20385
Paul Richan,SP,DET,,25,24.1805555,,Rise,40 / 40,40 / 40,45 / 45,45 / 50,55 / 60,2150,2200,89-91,93,40,sa3008025
Bowden Francis,SP,MIL,,25,25.1083333,,Rise,50 / 50,55 / 55,45 / 45,45 / 50,50 / 55,2600,2600,92-94,95,40,20548
Nabil Crismatt,SP,SDP,,25,26.4333333,,,30 / 40,,45 / 45,60 / 60,55 / 60,,,86-90,91,40,17732
Trent Palmer,MIRP,TOR,,25,22.1611111,,Tail,45 / 50,40 / 45,35 / 40,,30 / 45,,,92-94,96,40,sa3014491
Justin Steele,SIRP,CHC,,25,25.8888888,,,50 / 50,55 / 55,45 / 45,40 / 40,40 / 40,,,93-96,97,40,17312
Damon Casetta-Stubbs,SIRP,SEA,,25,21.8583333,,Tail,45 / 50,50 / 55,55 / 60,30 / 30,40 / 50,2200,2400,89-93,95,40,sa3008387
Yohanse Morel,MIRP,KCR,,25,20.7722222,,Sink,45 / 45,45 / 50,,55 / 60,35 / 50,2300,2550,89-93,94,40,sa3005685
R.J. Dabovich,SIRP,SFG,,25,22.3888888,,Rise,60 / 60,50 / 55,50 / 50,,30 / 40,2400,2500,93-96,98,40,sa3014431
Connor Higgins,SIRP,LAA,,25,24.8611111,,Rise,55 / 55,50 / 55,,,30 / 35,2250,,91-94,97,35+,sa3006808
Luis Mey,SIRP,CIN,,25,19.9361111,,Rise,55 / 60,,40 / 45,35 / 45,30 / 45,2050,2250,95-97,98,35+,sa3010130
Andre Pallante,SP,STL,,25,22.7027777,,Cut,40 / 45,50 / 55,50 / 50,40 / 45,35 / 50,2150,,90-93,95,35+,26108
Aiden McIntyre,SIRP,OAK,,25,25.7611111,,Rise/Tail,55 / 65,40 / 45,,45 / 55,30 / 40,,,92-95,96,35+,sa3007733
Ben Bowden,SIRP,COL,,25,26.6111111,,Sink,45 / 45,45 / 45,,60 / 60,40 / 40,2450,2150,92-95,96,35+,20198
Jose Alberto Rivera,SIRP,HOU,,25,24.2972222,,,70 / 70,,55 / 55,,30 / 35,2350,2300,93-97,99,35+,sa3003090
Cody Morris,MIRP,CLE,,26,24.575,6/2/15,Tail,55 / 55,,50 / 55,50 / 50,40 / 45,2400,2400,92-95,98,40+,25388
Avery Weems,MIRP,TEX,,26,23.9861111,,Tail,50 / 50,,55 / 60,45 / 50,30 / 40,,,92-94,96,40+,sa3010256
Jimmy Lewis,SP,LAD,,26,20.5805555,,Sink,40 / 40,,45 / 50,45 / 55,35 / 55,2250,2250,90-92,93,40,sa3014533
Jake Eder,SIRP,MIA,,26,22.6444444,,,55 / 55,,55 / 60,,30 / 40,,,92-95,97,40,sa3014917
Garrett Stallings,SP,BAL,,26,23.8138888,,Sink,40 / 45,45 / 50,45 / 50,45 / 50,45 / 60,1850,2200,88-92,93,40,sa3014457
Jovani Moran,SIRP,MIN,,26,24.1027777,,Rise,45 / 45,45 / 45,,70 / 70,40 / 40,2300,2475,90-93,95,40,20422
Yovanny Cruz,SP,CHC,,26,21.7722222,,Sink/Tail,65 / 70,45 / 50,,50 / 60,30 / 45,1900,2100,97-99,100,40,sa3002951
Josias De Los Santos,SIRP,SEA,,26,21.8388888,,,50 / 55,50 / 55,,,45 / 50,2300,2450,90-95,97,40,sa3006508
Prelander Berroa,SIRP,SFG,,26,21.1194444,,Tail,55 / 60,45 / 50,,45 / 55,30 / 40,2450,2400,92-96,98,40,22932
Nicio Rodriguez,SIRP,NYY,,26,21.7444444,,Rise,50 / 60,45 / 55,,,30 / 45,2500,2550,89-94,96,40,sa3011194
Gabriel Tapia,SP,LAA,,26,19.0305555,,Rise,40 / 45,,45 / 50,50 / 55,20 / 45,2300,,90-93,94,35+,sa3009779
Jacob Heatherly,MIRP,CIN,,26,23.0305555,,Tail,45 / 50,,45 / 50,50 / 55,30 / 40,1800,1950,90-94,95,35+,sa3004736
Jorge Juan,SP,OAK,,26,22.2361111,,,60 / 60,40 / 45,40 / 45,40 / 50,30 / 50,,,93-97,98,35+,sa3005826
Darius Vines,SP,ATL,,26,23.0861111,,Cut/Rise,45 / 50,,45 / 50,55 / 60,35 / 50,2350,,88-92,94,35+,25928
Will Ethridge,SP,COL,,26,23.4472222,,Tail,40 / 40,45 / 50,,50 / 50,35 / 60,2200,2150,90-95,96,35+,sa3011337
Tyler Brown,SIRP,HOU,,26,22.6638888,,Cut/Rise,50 / 55,,50 / 60,,30 / 40,,,91-95,96,35+,sa3014450
Hunter Schryver,SIRP,CHW,,26,26.1611111,2/20/20,Rise,60 / 60,50 / 50,,,45 / 55,2400,1050,90-93,94,35+,sa873263
Nick Mears,SIRP,PIT,,27,24.65,,Rise,70 / 70,,50 / 55,,20 / 35,2400,2450,94-97,98,40+,25376
Demarcus Evans,SIRP,TEX,,27,24.6083333,,Rise,70 / 70,,45 / 45,,30 / 40,2550,2450,92-95,97,40+,21087
Taylor Widener,SP,ARI,,27,26.6027777,,Cut,40 / 40,45 / 45,,60 / 60,50 / 55,2250,2150,91-96,98,40,19266
Jason Foley,SIRP,DET,,27,25.5833333,,Tail,65 / 65,45 / 45,,,40 / 40,2250,2200,94-97,100,40,19531
Frank German,RHP,BOS,,27,23.6916666,,Cut/Rise,60 / 65,40 / 50,,45 / 50,35 / 40,2200,2400,92-96,98,40,24750
Justin Topa,SIRP,MIL,,27,30.2333333,5/1/15*,Tail,70 / 70,60 / 60,,,30 / 30,2100,2600,96-98,100,40,15145
Benjamin Rodriguez,SP,CHC,,27,21.8444444,,Rise,45 / 50,,45 / 55,40 / 50,30 / 50,2300,,90-92,94,40,sa3004962
Carson Ragsdale,SP,SFG,,27,23.0166666,,,45 / 50,,55 / 60,,35 / 55,,,91-95,96,40,sa3014922
Jared Johnson,SP,ATL,,27,20.2111111,,Sink,55 / 60,45 / 55,,,30 / 50,1850,,94-97,99,35+,sa3011626
Ashton Goudeau,SIRP,COL,,27,28.8555555,,Rise,50 / 50,50 / 50,55 / 55,40 / 45,55 / 55,2200,2400,91-94,96,35+,15139
Victor Lizarraga,SP,SDP,,27,17.5027777,,,35 / 50,,45 / 55,20 / 50,25 / 55,,,88-91,92,35+,
Jairo Lopez,SP,HOU,,27,20.5277777,,,50 / 50,55 / 55,50 / 50,40 / 45,35 / 50,2200,2850,91-94,95,35+,sa3005824
Michel Otanez,SIRP,NYM,,27,23.9111111,10/1/16,Sink/Tail,55 / 60,45 / 50,,,30 / 40,2200,,90-97,99,35+,sa932611
Caleb Freeman,SIRP,CHW,,27,23.2722222,,Rise,55 / 60,,55 / 60,,30 / 35,2400,3050,92-95,97,35+,sa3011339
Denny Larrondo,SP,NYY,,28,19.0027777,,Rise,45 / 60,,55 / 60,35 / 50,35 / 55,2500,2900,88-92,94,40,sa3010654
Humberto Mejía,MIRP,ARI,,28,24.2444444,,Rise,50 / 50,45 / 45,55 / 55,40 / 45,40 / 45,2300,2350,90-93,95,40,20739
Jerming Rosario,SP,LAD,,28,19.0638888,,Tail,40 / 50,,40 / 45,50 / 60,25 / 60,2200,2250,89-92,94,40,sa3008678
Josh Fleming,SP,TBR,,28,25.0361111,,Sink/Tail,40 / 40,,,50 / 50,70 / 70,1850,1850,89-92,94,40,20418
Braxton Garrett,SP,MIA,,28,23.8222222,6/20/17,,40 / 40,45 / 45,55 / 55,50 / 50,50 / 55,2100,2350,91-92,96,40,21844
Bruce Zimmermann,SP,BAL,,28,26.3111111,,Cut/Rise,40 / 40,50 / 55,50 / 50,40 / 45,60 / 60,2350,2600,90-92,95,40,20370
Mike Burrows,SIRP,PIT,,28,21.5638888,,Rise,50 / 55,,55 / 60,,30 / 40,2550,2800,90-94,96,40,sa3008517
Zack Hess,SIRP,DET,,28,24.2666666,,Rise,60 / 60,55 / 60,,40 / 45,40 / 45,2500,2550,93-95,97,40,sa3010777
Jacob Wallace,SIRP,BOS,,28,22.8,,Tail,45 / 50,50 / 60,,50 / 55,30 / 40,2500,2850,88-93,96,40,sa3010374
Jonathan Heasley,SIRP,KCR,,28,24.3444444,,,55 / 55,40 / 45,,55 / 60,35 / 40,2350,2800,91-94,96,40,22224
Kai-Wei Teng,SP,SFG,,28,22.5,,Sink,45 / 50,45 / 50,50 / 50,45 / 50,45 / 60,2450,2500,91-94,96,40,24282
Oliver Ortega,SIRP,LAA,,28,24.6638888,,Rise,55 / 55,,55 / 55,,30 / 35,2300,,92-96,97,35+,21025
Brandon Bailey,SIRP,CIN,,28,26.6166666,2/26/21,Rise,50 / 50,45 / 50,55 / 55,60 / 60,40 / 40,2550,2600,89-93,94,35+,19582
Cristopher Sánchez,MIRP,PHI,,28,24.4694444,,Sink,50 / 55,45 / 45,45 / 45,50 / 55,40 / 45,2250,2200,89-94,95,35+,20778
Antonio Santos,SIRP,COL,,28,24.6527777,,Rise,55 / 55,50 / 50,45 / 45,50 / 50,40 / 40,2200,2200,92-95,97,35+,20383
Zayad Salinas,SP/OF,SDP,,28,18.3833333,,,40 / 50,,45 / 50,40 / 50,20 / 50,,,87-91,92,35+,
Angel Macuare,SP,HOU,,28,21.2444444,,Rise,45 / 50,45 / 50,55 / 55,40 / 45,35 / 45,2250,2350,89-91,94,35+,sa3003039
Yosver Zululeta,SIRP,TOR,,28,23.3555555,,Rise,,,,,,,,,96,35+,
Jon Duplantier,SP,ARI,,29,26.8888888,,Tail,40 / 40,55 / 55,50 / 50,50 / 55,50 / 55,2250,2600,91-94,96,40,19546
Alex Vesia,SIRP,LAD,,29,25.1388888,,,45 / 45,,45 / 45,60 / 60,45 / 45,2400,2250,91-94,95,40,25007
Hunter Gaddis,MIRP,CLE,,29,23.1444444,,Rise,45 / 50,50 / 55,40 / 40,55 / 60,40 / 50,2250,2350,90-93,96,40,25636
Zach McCambley,SP,MIA,,29,22.1055555,,Sink,40 / 45,20 / 55,70 / 70,40 / 45,30 / 45,2500,2700,89-93,95,40,sa3014478
Drew Rom,SP,BAL,,29,21.4611111,,Rise,30 / 45,50 / 55,,,45 / 55,2350,2300,88-92,93,40,24602
Nick Garcia,SP,PIT,,29,22.1138888,,Rise,45 / 50,45 / 50,40 / 45,40 / 50,30 / 50,,,91-94,98,40,sa3014501
Tyler Phillips,SP,TEX,,29,23.5944444,,,40 / 40,40 / 45,50 / 50,55 / 55,55 / 70,2200,2300,92-94,96,40,sa875646
Grant Gambrell,MIRP,BOS,,29,23.5277777,,Rise/Tail,50 / 55,,55 / 60,45 / 50,30 / 40,2450,2550,91-94,96,40,sa3011129
Cory Abbott,SP,CHC,,29,25.6972222,,Tail,40 / 40,50 / 50,45 / 45,45 / 45,55 / 55,2350,2500,88-93,95,40,20277
Charlie Neuweiler,SP,KCR,,29,22.3138888,,,40 / 40,,55 / 60,,35 / 55,2350,2700,88-92,93,40,sa3004345
Gerardo Reyes,SIRP,LAA,,29,28.05,3/10/21,Tail,60 / 60,55 / 55,,,30 / 30,2450,2400,95-98,99,35+,16306
Hector Perez,SIRP,CIN,,29,24.9861111,,Cut/Rise,60 / 60,50 / 55,,,20 / 30,2350,2350,91-95,96,35+,18592
Steven Gingery,SP,STL,,29,23.6694444,,,40 / 45,,45 / 45,55 / 60,35 / 50,2000,2300,88-93,94,35+,sa3011747
Dominic Pipkin,SP,PHI,,29,21.5722222,,Sink,50 / 60,40 / 45,40 / 45,45 / 55,35 / 50,2100,2000,90-95,98,35+,sa3007896
Riley Pint,SIRP,COL,,29,23.5694444,,None,70 / 70,70 / 70,,,20 / 30,2250,2750,97-99,102,35+,21858
Manny Ramirez,SIRP,HOU,,29,21.5277777,,,55 / 60,,50 / 60,40 / 50,20 / 30,2450,2700,92-95,97,35+,sa3004833
Sem Robberse,SP,TOR,,29,19.6361111,,,30 / 50,20 / 50,50 / 55,20 / 50,20 / 50,2400,2500,88-81,93,35+,sa3011735
Devin Sweet,MIRP,SEA,,29,24.7361111,,,45 / 45,,45 / 45,55 / 60,45 / 55,2250,2350,90-93,95,35+,25348
Jimmy Lambert,SIRP,CHW,,29,26.5361111,6/21/19,Tail,45 / 50,50 / 55,50 / 55,50 / 55,45 / 50,2200,2750,91-94,95,35+,19541
Carlos Duran,SIRP,LAD,,30,19.8361111,,Sink,50 / 55,,55 / 60,40 / 50,25 / 50,2050,2700,89-94,96,40,sa3006404
John Doxakis,MIRP,TBR,,30,22.7805555,,SInk/Tail,40 / 45,50 / 55,,50 / 55,45 / 60,2250,2400,88-92,93,40,sa1115967
Zach Pop,SIRP,MIA,,30,24.6972222,5/14/19,Sink,60 / 60,50 / 50,,,50 / 50,2150,2450,94-96,98,40,20185
Hunter Harvey,SIRP,BAL,,30,26.4777777,7/26/16,Rise,60 / 60,,55 / 55,,40 / 40,2400,2200,92-97,99,40,15507
Wil Crowe,MIRP,PIT,,30,26.7277777,4/1/15,Cut,55 / 55,50 / 50,50 / 55,55 / 55,40 / 45,2350,2800,91-94,96,40,19800
Kyle Cody,SIRP,TEX,,30,26.8111111,,,60 / 60,,60 / 60,45 / 50,40 / 40,2200,2550,93-96,98,40,19686
Brendan Cellucci,SIRP,BOS,,30,22.9194444,,Rise,60 / 60,,60 / 60,,20 / 35,,,94-96,97,40,sa3011710
Cayne Ueckert,SIRP,CHC,,30,25.0083333,,Rise,60 / 60,50 / 55,,,40 / 45,,,95-98,99,40,sa3010789
Eduardo Salazar,MIRP,CIN,,30,23.0722222,,Rise,55 / 55,40 / 45,,40 / 45,45 / 55,2350,,94-96,99,35+,23135
Jesus Cruz,SIRP,STL,,30,26.1277777,,Sink,55 / 55,55 / 55,,50 / 50,30 / 35,2200,2750,94-96,98,35+,20042
Nolan Kingham,SP,ATL,,30,24.7861111,,None,50 / 55,40 / 45,,40 / 45,45 / 55,2200,,92-94,96,35+,sa3008224
Mauricio Llovera,SIRP,PHI,,30,25.1222222,,Tail,50 / 50,,45 / 45,,40 / 40,2000,2400,93-95,96,35+,20080
Breiling Eusebio,SIRP,COL,,30,24.6111111,4/18/18,Tail,45 / 50,,50 / 55,45 / 55,35 / 35,2200,2400,89-94,96,35+,sa828552
Alec Bettinger,SP,MIL,,30,25.8833333,,Rise,45 / 45,,50 / 55,,50 / 55,2400,,89-92,94,35+,20312
Brayan Medina,SP,SDP,,30,18.6527777,,,45 / 55,,45 / 55,30 / 45,30 / 45,,,91-92,94,35+,sa3014705
Brett Conine,SIRP,HOU,,30,24.625,,Rise,45 / 45,45 / 45,,55 / 60,45 / 50,2550,2300,90-93,96,35+,sa3008024
Patrick Murphy,SIRP,TOR,,30,25.975,,Sink,60 / 60,,50 / 50,,45 / 45,2100,2300,93-97,99,35+,19712
Elvis Alvarado,SIRP,SEA,,30,22.2722222,,,60 / 70,40 / 50,,,35 / 40,2550,2250,92-95,98,35+,sa919291
Bailey Horn,MIRP,CHW,,30,23.3777777,2/1/18,Rise,50 / 50,50 / 50,50 / 55,,40 / 45,2250,2500,90-93,96,35+,sa3014493
Liam Norris,SP,ARI,,31,19.8,,Rise,40 / 50,45 / 50,50 / 55,30 / 40,20 / 45,,,90-94,95,40,sa3014543
Michael Mercado,SP,TBR,,31,22.1277777,,,45 / 50,40 / 50,45 / 55,,45 / 55,2200,2250,90-94,95,40,sa3005024
Chris Mokma,SP,MIA,,31,20.3055555,,,45 / 50,40 / 50,,45 / 55,25 / 55,2250,2200,89-93,94,40,sa3011750
Kyle Bradish,SIRP,BAL,,31,24.7194444,,Rise,50 / 50,50 / 50,55 / 55,45 / 50,30 / 40,2250,2550,92-94,97,40,24586
Steven Jennings,SP,PIT,,31,22.55,,Rise,40 / 45,50 / 55,45 / 50,35 / 45,35 / 60,2500,3000,88-92,93,40,sa3004812
Josh Burgmann,SP,CHC,,31,23.3444444,4/1/17,,40 / 45,40 / 50,55 / 60,40 / 45,35 / 50,2350,3000,91-93,97,40,sa3011409
Ronald Bolaños,SP,KCR,,31,24.7722222,,Sink,60 / 60,45 / 45,45 / 45,45 / 45,40 / 45,2250,2650,90-96,99,40,20041
Michael Plassmeyer,SP,SFG,,31,24.5722222,,Tail,45 / 45,45 / 45,45 / 45,50 / 55,55 / 60,2300,2150,87-91,93,40,23191
Robinson Pina,SIRP,LAA,,31,22.5138888,,,50 / 60,,50 / 55,40 / 45,20 / 30,2450,,89-93,95,35+,sa3003123
Connor Jones,SIRP,STL,,31,26.6416666,,Sink,55 / 55,50 / 55,,40 / 40,35 / 35,1900,2600,92-95,97,35+,sa738697
Wandisson Charles,SIRP,OAK,,31,24.7333333,,,70 / 70,50 / 55,,,30 / 35,2200,,94-98,99,35+,sa874818
Julian Garcia,MIRP,PHI,,31,26.05,,Rise,55 / 55,,55 / 55,50 / 50,50 / 50,2700,2800,87-90,91,35+,sa918182
Jagger Haynes,SP,SDP,,31,18.6972222,,,40 / 50,40 / 50,,35 / 50,20 / 50,,,88--92,94,35+,
Juan Pablo Lopez,SP,HOU,,31,22.2888888,,,40 / 40,,45 / 50,45 / 55,35 / 50,2300,2150,90-93,94,35+,sa3004647
Dany Jiménez,SIRP,TOR,,31,25.4388888,,Rise,60 / 60,60 / 60,,,30 / 30,2450,2400,93-96,97,35+,21170
T.J. Zeuch,SP,TOR,,31,25.8333333,,Sink,45 / 45,40 / 40,,45 / 45,45 / 55,2200,2250,90-93,94,35+,19269
Matt Peacock,MIRP,ARI,,32,27.2611111,,Sink,55 / 55,45 / 50,,50 / 55,45 / 45,2100,2800,90-94,95,40,20339
Alexander Alberto,SP,TBR,,32,19.5805555,,,,,,,,,,,,40,
Alex Wells,SP,BAL,,32,24.2611111,,Rise,35 / 35,45 / 45,55 / 55,50 / 55,60 / 70,2250,2550,86-89,91,40,19845
David Bednar,SIRP,PIT,,32,26.6416666,,None,60 / 60,,60 / 60,,35 / 40,2400,2500,92-95,97,40,19569
Wilkel Hernandez,SP,DET,,32,22.1333333,11/15/20,Rise,50 / 55,,50 / 55,40 / 50,35 / 50,2350,2550,90-93,96,40,sa918026
Noah Murdock,SP,KCR,,32,22.7805555,,Sink,55 / 55,,55 / 55,45 / 50,40 / 50,2150,2800,90-95,97,40,sa919012
Jake Wong,SP,SFG,,32,24.7444444,,Sink,50 / 50,,45 / 50,45 / 50,45 / 55,2200,2450,91-94,96,40,23095
Miguel Medrano,SIRP,CIN,,32,23.4083333,,Rise,40 / 45,,45 / 50,55 / 60,45 / 60,2200,2500,89-92,93,35+,sa947763
Roel Ramírez,SIRP,STL,,32,26.0138888,,Cut,45 / 45,45 / 45,,,40 / 40,2350,2700,92-96,97,35+,16470
Kyle Dohy,SIRP,PHI,,32,24.7055555,,Tail,50 / 50,40 / 40,,60 / 60,30 / 30,2400,2450,90-93,96,35+,20334
Jordan Sheffield,SIRP,COL,,32,26,4/11/13,Rise,60 / 60,,70 / 70,60 / 60,30 / 30,2600,3200,95-97,99,35+,19682
Chase Walter,SIRP,SDP,,32,22.8472222,,,55 / 55,50 / 55,,,30 / 40,,,94-96,98,35+,
Julio Robaina,SP,HOU,,32,20.1888888,,Cut/Rise,40 / 45,,50 / 55,45 / 50,35 / 55,2200,2800,89-92,94,35+,sa3006817
Luis Rijo,SP,MIN,,32,22.7361111,,None,40 / 40,,55 / 55,45 / 50,50 / 60,2050,2650,90-94,96,35+,sa916950
Nick Sandlin,SIRP,CLE,,33,24.3916666,,Tail,45 / 45,50 / 55,50 / 50,50 / 55,50 / 60,2200,2750,90-93,95,40,20517
Austin Roberts,SP,PIT,,33,22.8444444,,,50 / 55,,50 / 50,55 / 60,30 / 40,2250,,92-95,96,40,sa3010254
Mason Englert,SP,TEX,,33,21.5833333,,,40 / 45,,50 / 55,40 / 50,30 / 50,,,90-93,95,40,22288
Manuel Rodríguez,SIRP,CHC,,33,24.8194444,,,65 / 65,,55 / 55,,35 / 35,2350,,94-97,99,40,20794
Albert Abreu,SIRP,NYY,,33,25.6805555,,Tail,60 / 60,55 / 55,,60 / 60,30 / 30,2250,2600,95-99,101,35+,17485
Noah Davis,SP,CIN,,33,24.1083333,3/1/18,Tail,45 / 50,50 / 55,50 / 55,35 / 40,40 / 50,2400,2600,91-93,94,35+,25862
Jose Mora,SIRP,OAK,,33,23.6666666,,Tali,45 / 45,55 / 60,,,30 / 35,2000,2500,90-93,94,35+,sa875839
Yoan Aybar,SIRP,COL,,33,23.9111111,,,60 / 60,50 / 55,,,30 / 35,2150,2450,93-96,98,35+,sa829086
Keider Montero,SIRP,DET,,33,20.9027777,,Rise,45 / 50,,50 / 60,40 / 50,35 / 45,2300,3000,93-95,96,35+,sa3002956
Angel Perdomo,SIRP,MIL,,33,27.0666666,,Sink,60 / 60,50 / 50,,,30 / 30,2500,2650,93-96,97,35+,17759
Evan Miller,SIRP,SDP,,33,26.0138888,,,55 / 55,60 / 60,,,40 / 45,2250,2750,92-95,97,35+,sa915725
Diosmerky Taveras,SIRP,HOU,,33,21.6888888,,,60 / 65,45 / 50,,40 / 50,20 / 35,2150,2450,94-97,98,35+,sa3004872
Nick Frasso,SP,TOR,,33,22.6194444,,Rise,45 / 55,,40 / 45,40 / 50,30 / 50,2350,2100,91-93,95,35+,sa3014492
Josh Green,SP,ARI,,34,25.7527777,,Sink,50 / 50,50 / 50,55 / 55,45 / 50,45 / 50,2050,2550,92-95,96,40,sa3006701
Trevor Stephan,SIRP,CLE,,34,25.5166666,,Tail,60 / 60,55 / 60,,40 / 45,40 / 50,2350,2500,90-94,97,40,19932
Neraldo Catalina,SIRP,TBR,,34,20.9444444,,Tail,60 / 70,45 / 55,,,30 / 35,2300,2200,93-96,97,40,sa1172730
Anthony Bender,SIRP,MIA,,34,26.3277777,,Tail,60 / 60,55 / 55,,,40 / 45,,,96-98,99,40,19742
Durbin Feltman,SIRP,BOS,,34,24.1194444,,Rise,55 / 60,55 / 55,45 / 50,,35 / 40,2300,2350,92-95,96,40,sa3007959
Tommy Nance,SIRP,CHC,,34,30.2,,,60 / 60,,55 / 55,,45 / 50,,,93-96,98,40,19178
Ismael Aquino,SIRP,KCR,,34,22.7472222,,,60 / 65,,,40 / 45,30 / 40,2300,2050,93-96,98,40,sa3003104
Brooks Kriske,SIRP,NYY,,34,27.3277777,,Rise,60 / 60,50 / 50,,,35 / 35,2500,2450,92-96,98,35+,21189
Griffin Roberts,SIRP,STL,,34,24.9666666,,Tail,40 / 45,55 / 60,,40 / 40,40 / 40,2250,2700,90-93,95,35+,sa3008483
Franklin Pérez,SP,DET,,34,23.4861111,,Rise,60 / 60,50 / 60,45 / 50,55 / 60,40 / 50,2050,2550,87-90,,35+,sa873722
Pedro Avila,SP,SDP,,34,24.3805555,,,50 / 50,,55 / 55,55 / 60,45 / 50,2200,2750,91-95,96,35+,18864
Yennier Cano,SIRP,MIN,,34,27.2277777,,Sink,50 / 50,50 / 55,,,45 / 45,2150,2500,92-95,97,35+,25911
Travis Bergen,SIRP,TOR,,34,27.6472222,,,55 / 55,,60 / 60,,35 / 35,2300,2900,93-95,96,35+,18581
Kristian Cardozo,SP,SEA,,34,18.5583333,,,40 / 50,,45 / 50,40 / 50,30 / 50,,,87-91,92,35+,sa3014706
Edwin Uceta,SP,LAD,,35,23.3944444,,Tail,45 / 45,,50 / 55,50 / 55,45 / 55,2350,2300,89-92,94,40,20539
Hunter Barnhart,SP,TBR,,35,19.2972222,,,40 / 55,,50 / 55,30 / 45,20 / 45,,,88-92,94,40,sa3014467
Josh Roberson,SIRP,MIA,,35,25.0527777,5/31/17,,50 / 55,55 / 60,,40 / 45,40 / 45,2300,2500,90-93,95,40,sa3007721
Blake Cederlind,SIRP,PIT,,35,25.4083333,3/23/21,Sink,60 / 60,50 / 50,,,30 / 35,2150,2000,96-98,100,40,20344
Trevor McDonald,SP,SFG,,35,20.2638888,,Tail,45 / 50,45 / 55,,40 / 55,30 / 50,2200,2350,90-94,96,35+,sa3011835
Alfredo Garcia,SIRP,NYY,,35,21.8583333,,Tail,45 / 50,,45 / 50,50 / 55,40 / 45,2300,1850,90-94,95,35+,sa3003045
Joe Boyle,SIRP,CIN,,35,21.7972222,,Tail,80 / 80,50 / 55,,,20 / 30,2550,2500,98-101,102,35+,29608
Rodard Avelino,SIRP,STL,,35,21.9944444,,Cut/Rise,60 / 70,45 / 60,,,20 / 30,2600,2750,94-98,99,35+,sa3003040
Kevin Smith,SIRP,BAL,,35,24.05,,Tail,45 / 45,50 / 55,,45 / 50,45 / 50,2450,,87-90,92,35+,sa3007710
Elvin Rodriguez,SP,DET,,35,23.1694444,,Rise/Tail,40 / 45,,50 / 50,50 / 55,40 / 50,2350,2400,89-93,94,35+,20962
Alexis Ramirez,SIRP,MIL,,35,21.8638888,,Rise,50 / 60,45 / 55,,,30 / 40,2150,,91-95,96,35+,sa3006545
Michael Rucker,MIRP,CHC,,35,27.0944444,,Tail,55 / 55,55 / 55,50 / 50,45 / 50,45 / 50,2250,2600,94-97,99,35+,19454
Hobie Harris,SIRP,TOR,,35,27.9388888,,,70 / 70,,45 / 45,,30 / 35,,,96-98,101,35+,18615
Robert Dugger,MIRP,SEA,,35,25.9111111,,,30 / 30,50 / 50,55 / 55,45 / 45,50 / 55,2250,2500,87-93,94,35+,19191
Collin Snider,SIRP,KCR,,35,25.6416666,,Tail,55 / 55,50 / 55,,,50 / 60,,,93-95,96,35+,23307
Tanner Dodson,SIRP/CF,TBR,,36,24.0611111,,,55 / 60,55 / 60,,45 / 50,40 / 45,2250,2450,91-95,97,40,sa3007008
Santiago Florez,SIRP,PIT,,36,21.0611111,,Rise,50 / 60,,50 / 60,,30 / 45,2400,2800,92-94,95,40,sa3003026
Cole Ragans,SP,TEX,,36,23.4694444,,,45 / 45,,40 / 45,60 / 60,40 / 60,2100,2000,91-94,96,40,21846
Chih-Jung Liu,SIRP,BOS,,36,22.15,,Tail,40 / 60,50 / 60,40 / 45,,30 / 40,2300,2400,93-96,98,40,sa3014675
Ramón Rosso,MIRP,PHI,,36,24.9777777,,Cut,,50 / 50,,,40 / 40,2600,2550,94-96,97,35+,20368
Beau Burrows,SP,DET,,36,24.7027777,,Rise,50 / 50,40 / 50,40 / 50,45 / 55,45 / 50,2600,2600,88-91,95,35+,18873
Braden Webb,SIRP,MIL,,36,26.1,4/10/14,Rise,60 / 60,,60 / 60,50 / 55,40 / 45,2250,2300,89-93,95,35+,sa876362
Curtis Taylor,MIRP,TOR,,36,25.85,,Rise,45 / 55,55 / 55,,45 / 50,40 / 45,2350,2300,93-97,98,35+,sa917970
Will Vest,SIRP,SEA,,36,25.9861111,,,50 / 50,55 / 55,,40 / 40,45 / 45,2200,2350,93-95,97,35+,19769
Carlos Sanabria,SIRP,KCR,,36,24.3527777,,,60 / 60,40 / 40,45 / 45,50 / 50,35 / 40,2400,2350,93-97,99,35+,16634
Raymond Burgos,MIRP,CLE,,37,22.5055555,9/7/16,Tail,50 / 50,40 / 45,50 / 50,55 / 55,45 / 50,2200,2350,91-94,96,40,sa918469
Ryan Garcia,SP,TEX,,37,23.3527777,43891,Rise,40 / 40,50 / 55,45 / 45,40 / 45,30 / 50,2300,2350,91-93,94,40,sa3011190
Esmerlin Vinicio,SP,SFG,,37,18.3361111,,,20 / 50,,40 / 55,50 / 60,35 / 55,,,83-85,86,35+,sa3014708
Glenn Otto,SIRP,NYY,,37,25.2222222,,Rise,55 / 55,,55 / 60,,35 / 40,2400,2650,92-94,96,35+,21366
Jordan Holloway,SIRP,MIA,,37,24.9666666,6/19/17,,60 / 60,45 / 50,,,35 / 40,2250,2500,94-96,98,35+,20631
Jorge Rodriguez,SP,BOS,,37,20.7666666,,Rise,40 / 50,,45 / 50,45 / 55,35 / 55,2300,2900,89-91,93,35+,sa3006074
Jeremiah Estrada,SIRP,CHC,,37,22.5833333,8/25/19,Tail,50 / 55,,45 / 45,60 / 60,30 / 40,2350,2400,92-95,96,35+,22210
Ty Adcock,SIRP,SEA,,37,24.3166666,,,65 / 65,45 / 50,40 / 50,45 / 50,30 / 35,,,94-97,100,35+,25651
Yefri Del Rosario,SIRP,KCR,,37,21.6888888,,,50 / 50,,50 / 55,40 / 45,35 / 45,2200,2400,91-94,96,35+,sa3002971
Max Kranick,SP,PIT,,38,23.8611111,,Tail,50 / 55,45 / 50,,40 / 45,45 / 45,,,92-96,98,40,22175
Tekoah Roby,SP,TEX,,38,19.7027777,,,40 / 50,,40 / 45,45 / 55,25 / 50,,,90-92,94,40,sa3014519
Junior Mieses,SIRP,ARI,,38,21.6277777,,Cut/Rise,45 / 55,45 / 50,,,30 / 45,2450,2300,90-93,95,35+,sa3005258
Victor Santos,SP,PHI,,38,20.8861111,,Tail,35 / 35,45 / 50,,,35 / 60,2150,2350,87-91,92,35+,sa3003083
Paul Campbell,MIRP,MIA,,38,25.8472222,,,40 / 40,45 / 45,55 / 55,,55 / 55,,,91-93,95,35+,22248
Blaine Knight,SIRP,BAL,,38,24.925,,Rise/Tail,45 / 50,50 / 50,55 / 60,40 / 45,40 / 45,2250,2950,91-94,97,35+,sa3008532
Cam Robinson,SIRP,MIL,,38,21.7361111,,Rise,50 / 50,,50 / 50,,30 / 40,2300,,88-93,94,35+,sa3005216
Mason Fox,SIRP,SDP,,38,24.4,,,55 / 60,,55 / 55,,40 / 40,2450,2550,90-94,95,35+,sa3007460
Ethan Roberts,SIRP,CHC,,38,23.9083333,,Cut,45 / 45,,70 / 70,,35 / 40,,,90-94,95,35+,24930
Roither Hernandez,SIRP,TOR,,38,23.2388888,,Rise,60 / 65,40 / 55,,30 / 40,30 / 35,2350,2450,95-98,99,35+,sa3004333
Tommy Romero,MIRP,TBR,,39,23.8972222,,Cut/Rise,50 / 50,,45 / 45,45 / 50,50 / 55,2200,,90-93,94,40,23465
Raffi Vizcaíno,SIRP,SFG,,39,25.4972222,,Rise/Tail,60 / 60,55 / 55,,50 / 50,30 / 30,2450,2700,94-97,98,35+,sa736742
Osiel Rodriguez,SP,NYY,,39,19.525,,Tail,30 / 60,45 / 55,50 / 60,45 / 55,35 / 50,,,86-89,90,35+,sa3009991
Hsin-Chieh Lin,SP,PHI,,39,22.2027777,,Rise,40 / 45,40 / 50,,40 / 50,35 / 50,2450,2450,89-92,94,35+,sa3008535
Will Stewart,MIRP,MIA,,39,23.8805555,,Tail,40 / 40,45 / 50,45 / 50,45 / 50,50 / 55,2000,2650,87-89,91,35+,sa875247
Tyler Wells,SIRP,BAL,,39,26.7638888,,Rise,55 / 55,50 / 50,55 / 55,,55 / 55,,,92-94,96,35+,20000
Angel De Jesus,SIRP,DET,,39,24.3,,Tail,65 / 65,45 / 45,,,30 / 35,2300,2400,91-95,96,35+,22323
Evan Reifert,SIRP,MIL,,39,22.0472222,,,55 / 60,55 / 60,,,20 / 35,,,94-97,98,35+,sa3014860
Eury Ramos,SIRP,CHC,,39,23.6416666,,Rise/Cut,65 / 65,45 / 50,,,40 / 45,,,95-99,100,35+,sa873729
Naswell Paulino,SIRP,TOR,,39,21.1222222,,Rise,40 / 55,,45 / 55,,30 / 40,2450,2550,90-92,93,35+,sa3002998
Samuel Valerio,SIRP,KCR,,39,19.6472222,,Tail,60 / 70,,40 / 45,45 / 50,30 / 45,2400,2250,94-97,99,35+,sa3009220
Bobby Ay,SIRP,ARI,,40,24.0083333,,Tail,40 / 50,50 / 60,40 / 45,,40 / 50,2150,2800,90-92,93,35+,sa3011535
Octavio Becerra,SP,LAD,,40,20.3277777,,Sink,40 / 50,45 / 55,45 / 50,45 / 60,30 / 45,,,90-93,94,35+,sa3008303
Colby White,SIRP,TBR,,40,22.9083333,,Cut/Rise,55 / 60,50 / 55,,,30 / 40,2350,,92-95,97,35+,sa3011200
Nicoly Pina,SP,PHI,,40,21.6472222,,Rise,55 / 60,45 / 55,,,30 / 40,2300,2350,93-96,97,35+,sa3005875
Wladimir Pinto,SIRP,DET,,40,23.3027777,,Rise,60 / 60,45 / 50,,30 / 35,30 / 35,2450,2000,94-97,98,35+,sa871482
Andrew Politi,SIRP,BOS,,40,24.9916666,,Rise,55 / 55,50 / 55,,45 / 50,30 / 40,2450,2500,92-95,96,35+,sa3007243
Nick Bennett,MIRP,MIL,,40,23.75,,Rise,45 / 45,50 / 55,55 / 55,45 / 45,35 / 40,2300,,90-92,93,35+,sa3011410
Anderson Paulino,MIRP,KCR,,40,22.7194444,,Sink/Tail,60 / 60,45 / 55,,,40 / 45,,,95-97,98,35+,sa3007991
Marc Church,SIRP,TEX,,41,20.1694444,,Rise,60 / 60,50 / 55,,,35 / 55,,,94-96,97,40,sa3015080
Randy Vásquez,MIRP,NYY,,41,22.5777777,,Cut/Rise,45 / 50,,55 / 60,40 / 45,40 / 45,2500,3150,90-94,95,35+,24719
West Tunnell,SIRP,ARI,,41,27.5305555,,Cut/Rise,60 / 60,50 / 55,,,35 / 40,2500,2600,93-96,97,35+,sa3002749
Mitch White,SIRP,LAD,,41,26.425,11/1/13,Sink,55 / 55,50 / 50,55 / 55,,40 / 40,2300,2450,93-95,97,35+,19225
Andrew Schultz,SIRP,PHI,,41,23.8361111,,Tail,70 / 70,45 / 50,,35 / 40,30 / 35,2450,,96-99,100,35+,sa3010782
Ryan Zeferjahn,SIRP,BOS,,41,23.2527777,,Rise,55 / 60,50 / 55,,40 / 45,30 / 45,2300,2250,94-96,98,35+,sa3011217
Anthony Veneziano,SIRP,KCR,,41,23.75,,Tail,50 / 55,,,50 / 55,30 / 40,,,94-96,97,35+,27453
Cole Waites,SIRP,SFG,,42,22.975,,Cu/Rise,70 / 70,45 / 55,,,20 / 35,,,96-99,100,35+,25665
Yoljeldriz Diaz,SP,NYY,,42,19.8805555,,Rise,40 / 45,35 / 55,50 / 60,40 / 45,35 / 50,2150,2900,90-92,93,35+,sa3010248
Matt Mercer,SIRP,ARI,,42,24.75,,Rise,45 / 55,40 / 40,45 / 45,55 / 55,40 / 40,2150,2450,88-93,96,35+,sa3007837
Cam Hill,SIRP,CLE,,42,27.0194444,,Rise,50 / 50,55 / 55,50 / 50,,40 / 40,2300,2750,91-94,95,35+,16840
Carlos Garcia,SIRP,TBR,,42,22.5083333,,Rise,55 / 60,45 / 50,,40 / 50,30 / 40,2600,2500,90-94,95,35+,sa3006590
Brenan Hanifee,SP,BAL,,42,23.0055555,,Sink,55 / 60,45 / 50,,,45 / 50,2050,2100,91-93,95,35+,22304
Carlos Guzman,SIRP,DET,,42,23.0416666,,None,50 / 55,,40 / 45,50 / 60,35 / 50,2300,2150,90-94,96,35+,sa871477
Shane Drohan,SP,BOS,,42,22.4,,Rise,40 / 50,,55 / 60,40 / 45,30 / 40,2300,2650,89-92,94,35+,sa3014447
Clayton Andrews,SIRP,MIL,,42,24.4083333,,Tail,30 / 30,45 / 45,,55 / 60,40 / 50,1950,2500,85-91,93,35+,23631
Keegan Thompson,MIRP,CHC,,42,26.2166666,6/23/15,,50 / 50,,55 / 55,45 / 50,50 / 50,2400,2600,93-96,98,35+,19795
Zach Haake,SIRP,KCR,,42,24.6472222,,,60 / 60,55 / 60,,40 / 45,30 / 35,2400,2500,92-95,97,35+,sa3008523
Alex Speas,SIRP,TEX,,43,23.2416666,,,70 / 70,,70 / 70,,20 / 30,2350,2700,95-97,99,40,21859
Dedniel Núñez,SIRP,SFG,,43,24.9888888,3/20/21,,60 / 60,60 / 60,,,35 / 40,2600,,93-94,96,35+,23055
Avery Short,SP,ARI,,43,20.2138888,,Rise,30 / 40,45 / 50,45 / 50,30 / 45,25 / 60,,,88-92,93,35+,sa3011712
Juan Morillo,SIRP,LAD,,43,22.2,,Rise,50 / 55,50 / 55,,30 / 40,30 / 45,2300,2550,92-94,96,35+,sa917772
Eli Morgan,MIRP,CLE,,43,25.05,,Rise,45 / 45,45 / 50,45 / 45,60 / 70,50 / 55,2400,2500,87-90,92,35+,20203
Victor Munoz,SIRP,TBR,,43,20.4333333,,,45 / 55,,45 / 50,40 / 50,35 / 50,2300,2250,90-93,95,35+,sa3006381
Jake Zebron,SP,BAL,,43,21.325,,Rise,40 / 45,,50 / 60,30 / 45,35 / 50,2100,2700,88-92,94,35+,sa3007250
Po-Yu Chen,SP,PIT,,43,19.6638888,,,40 / 50,40 / 45,45 / 50,40 / 50,25 / 55,,,91-92,93,35+,sa3014699
Bradley Blalock,SP,BOS,,43,20.4333333,,Rise,40 / 55,40 / 50,30 / 45,30 / 40,30 / 45,,,91-93,95,35+,sa3011809
Tyler Schlaffer,SP,CHC,,43,20.0194444,,Rise,45 / 50,,45 / 50,45 / 55,20 / 45,2150,2250,91-93,95,35+,sa3011815
Cole Uvila,SIRP,TEX,,44,27.3361111,,Rise,50 / 50,,60 / 60,55 / 55,30 / 40,2550,,91-94,96,40,sa3006804
Jake Agnos,MIRP,NYY,,44,23.0222222,,Rise,45 / 45,,45 / 45,50 / 55,40 / 50,2300,1850,88-92,93,35+,sa1054040
Edinson Soto,SIRP,ARI,,44,24.7055555,,Cut/Rise,50 / 55,45 / 55,50 / 55,,,2400,2800,92-95,96,35+,sa3009831
Osvanni Gutierrez,SP,LAD,,44,20.0194444,,Tail,35 / 50,,30 / 45,50 / 70,20 / 45,,,90-92,93,35+,sa3009730
Robert Broom,SIRP,CLE,,44,24.7055555,,Sink/Tail,40 / 40,55 / 55,,,50 / 55,2100,,87-90,92,35+,sa3007235
Ignacio Feliz,SP,BAL,,44,21.6055555,,Cut,40 / 45,,50 / 55,40 / 50,40 / 50,2350,2600,86-90,92,35+,sa3002982
Braxton Ashcraft,SIRP,PIT,,44,21.6555555,,Tail,35 / 45,50 / 55,45 / 50,40 / 45,40 / 50,2250,2400,88-93,95,35+,sa3008470
Koen Moreno,SP,CHC,,44,19.8333333,,,40 / 50,,45 / 50,35 / 50,35 / 55,,,88-92,94,35+,sa3014509
Eduardo Herrera,SIRP,KCR,,44,21.4055555,,Rise,60 / 70,,45 / 50,,30 / 40,2400,2250,94-96,97,35+,sa3002702
Eduardo Herrera,SIRP,KCR,,44,21.4055555,,Rise,60 / 70,,45 / 50,,30 / 40,2400,2250,94-96,97,35+,sa3002702
Nic Laio,SIRP,TEX,,45,23.8416666,,Tail,50 / 50,50 / 60,,35 / 45,45 / 50,,,93-94,95,40,sa3009861
Ken Waldichuk,MIRP,NYY,,45,23.3972222,,Rise/Tail,45 / 55,45 / 50,,45 / 50,45 / 50,2400,2200,90-94,95,35+,27681
Luis Castillo,SIRP,ARI,,45,26.225,,Tail,45 / 45,50 / 50,,55 / 55,50 / 50,,,90-92,94,35+,20638
Kyle Hurt,SP,LAD,,45,23.0027777,,Tail/Rise,45 / 50,40 / 45,,50 / 55,30 / 50,2100,2300,91-94,95,35+,
Xzavion Curry,SP,CLE,,45,22.8444444,,Rise,45 / 50,45 / 50,50 / 50,40 / 45,35 / 55,,,89-94,,35+,25595
Graeme Stinson,MIRP,TBR,,45,23.8194444,,,40 / 60,60 / 70,,40 / 40,35 / 45,2300,2650,93-95,98,35+,sa3011900
Jorge Guzmán,SIRP,MIA,,45,25.3416666,,,55 / 55,55 / 55,,45 / 50,30 / 35,2250,1900,95-97,100,35+,17505
Félix Bautista,SIRP,BAL,,45,25.9472222,,Tail,65 / 65,,,,30 / 35,2450,,93-98,100,35+,20666
Luis De La Rosa,SP,BOS,,45,18.9027777,,Rise,35 / 50,45 / 50,45 / 50,45 / 55,25 / 55,,,88-90,92,35+,sa3009778
Richard Gallardo,SP,CHC,,45,19.7361111,,Sink,45 / 45,,45 / 45,50 / 55,35 / 55,1950,2250,89-93,94,35+,sa3009990
Drew Parrish,SP,KCR,,45,23.4805555,,,35 / 40,,45 / 45,50 / 55,35 / 50,2250,2700,87-90,92,35+,sa3011395
Hyun-il Choi,MIRP,LAD,,46,21.0111111,,Sink,40 / 45,,35 / 45,,35 / 55,2300,2150,88-92,94,35+,sa3009992
Scott Moss,MIRP,CLE,,46,26.6527777,,Rise,55 / 55,50 / 50,,50 / 50,35 / 40,2400,2400,89-93,95,35+,sa738902
Peyton Battenfield,SIRP,TBR,,46,23.8083333,,,50 / 55,,45 / 45,45 / 50,35 / 45,2350,,92-95,,35+,25777
Yerry De Los Santos,SIRP,PIT,,46,23.4694444,,Tail,55 / 60,50 / 55,,,35 / 40,2250,2400,93-96,98,35+,21420
Nelson L. Alvarez,SIRP,NYY,,47,22.9722222,,Cut,50 / 55,50 / 55,,,30 / 40,2450,2550,94-96,97,35+,sa3010783
J.C. Mejía,SP,CLE,,47,24.7638888,,Sink,50 / 50,50 / 55,,45 / 50,50 / 50,2150,,90-94,95,35+,20617
Breidy Encarnación,SP,MIA,,47,20.5611111,,,40 / 45,,45 / 50,40 / 50,40 / 50,2400,2250,87-91,93,35+,sa3009205
Chris Murphy,MIRP,BOS,,47,22.9888888,,Rise,50 / 55,40 / 40,45 / 50,50 / 55,35 / 40,2350,2200,89-93,95,35+,26214
Dakota Mekkes,SIRP,CHC,,47,26.5694444,,,55 / 55,55 / 55,,55 / 55,35 / 35,2300,2400,91-93,96,35+,sa915807
Jose Martinez,SIRP,LAD,,48,22.1055555,,Sink,45 / 50,40 / 45,,55 / 60,40 / 50,2250,2400,91-95,97,35+,sa3002796
Luis Palacios,SP,MIA,,48,20.9166666,,,30 / 40,45 / 50,,50 / 55,45 / 60,2150,2350,85-87,89,35+,sa3003021
Daniel Robert,SIRP,TEX,,48,26.7527777,,,50 / 50,70 / 70,,,45 / 45,,,94-95,96,35+,sa3009856
Luke Little,SIRP,CHC,,48,20.7527777,,,65 / 70,50 / 55,,,30 / 35,,,94-97,99,35+,28036
Woo Young Jin,SP,KCR,,48,20.2666666,,,30 / 40,,40 / 45,,35 / 50,2050,,85-88,91,35+,sa3010132
Adam Scott,SIRP,CLE,,49,25.6416666,,Tail,50 / 55,55 / 60,,40 / 45,45 / 55,2250,,90-93,95,35+,sa3006826
Wilkin Ramos,SP,PIT,,49,20.5861111,,Cut,45 / 60,,40 / 45,45 / 55,35 / 45,2150,2200,89-93,95,35+,sa3006487
Luis Perales,SIRP,BOS,,49,18.1305555,,Rise,40 / 55,,45 / 55,30 / 45,20 / 40,,,,95,35+,sa3014677
Gus Varland,SIRP,LAD,,50,24.5694444,8/1/19,,50 / 55,50 / 55,45 / 50,,40 / 45,2450,2350,92-94,95,35+,24737
Joel Peguero,SIRP,TBR,,50,24.0722222,,Tail,70 / 70,55 / 60,,,35 / 40,2300,2500,93-97,98,35+,sa917689
Andy Maldonado,SP,PIT,,50,18.8611111,,Tail,40 / 50,40 / 45,,45 / 55,35 / 50,2300,2000,89-93,95,35+,sa3009607
Jacob Latz,SP,TEX,,50,25.1472222,,,45 / 45,,55 / 55,40 / 45,45 / 50,,,89-93,94,35+,21306
Daniel Tillo,SIRP,KCR,,50,24.9666666,7/29/20,,60 / 60,50 / 50,,40 / 45,35 / 40,2250,2200,92-95,97,35+,sa876284
Kelvin Bautista,SIRP,LAD,,51,21.9,,,60 / 60,,50 / 55,,20 / 30,,,94-97,98,35+,sa3006491
Sandy Gaston,SIRP,TBR,,51,19.4583333,,Rise,55 / 65,,45 / 50,45 / 50,30 / 45,2100,2150,93-96,97,35+,sa3011136
Fernery Ozuna,SIRP,TEX,,51,25.5611111,,,55 / 60,45 / 50,,45 / 50,40 / 40,,,94-97,100,35+,sa739259
Jeremy Wu-Yelland,SIRP,BOS,,51,21.9361111,,Tail,50 / 55,50 / 55,,40 / 50,30 / 35,,,90-93,96,35+,sa3014520
Guillermo Zuñiga,SIRP,LAD,,52,22.6416666,,Tail,55 / 60,55 / 60,,40 / 45,30 / 40,2350,2450,91-96,97,35+,19588
Audry Lugo,SIRP,TBR,,54,22.5888888,,Cut,45 / 55,,55 / 60,40 / 45,40 / 50,2300,2750,92-94,96,35+,sa3008710
Dylan MacLean,SP,TEX,,54,18.8861111,,Rise,30 / 50,,45 / 55,30 / 45,25 / 50,,,88-90,91,35+,sa3014508
Daiveyon Whittle,MIRP,TBR,,57,21.5555555,,Rise,40 / 45,45 / 50,,,40 / 50,2050,2350,89-92,94,35+,sa3007617
Jayden Murray,MIRP,TBR,,58,24.1388888,,Rise,45 / 55,,50 / 60,,35 / 45,2600,2700,90-94,96,35+,sa1170405
Aneudy Cortorreal,SIRP,TBR,,59,21.4666666,,Rise,65 / 70,40 / 50,40 / 45,40 / 45,30 / 40,2250,2100,93-97,99,35+,sa3009242
Scott Engler,SIRP,TEX,,59,24.4694444,9/7/16,,45 / 45,,,,40 / 40,,,93-94,95,35+,sa918353
Angel Felipe,SIRP,TBR,,60,23.7527777,,Rise,55 / 60,45 / 50,,45 / 55,20 / 35,2400,2450,93-96,98,35+,21163
Hever Bueno,SIRP,TEX,,61,26.5222222,6/10/16,,60 / 60,50 / 55,,,30 / 35,2300,2600,92-97,99,35+,sa738180
Kelvin Gonzalez,SIRP,TEX,,62,23.4361111,,,60 / 60,,55 / 55,50 / 50,40 / 40,2450,,94-96,98,35+,sa920544